# Flattened chi^2 for model space generated from FSPS with dimmetions `['logzsol', 'tau', 'sf_star', 'tburst', 'fburst']` and shape (6, 9, 8, 6)
4.531915543536224078e+01
4.798137621445932410e+01
5.362168204564766683e+01
5.968158707502971083e+01
7.665520842005426516e+01
9.621259432836782821e+01
4.382053958919545522e+01
4.642851509649367614e+01
5.196072018801496739e+01
5.791303633104659809e+01
7.461986004184052490e+01
9.391343693341140408e+01
4.205268457436314122e+01
4.459181161212653421e+01
4.998672379869416460e+01
5.580227792845548862e+01
7.216945435692464628e+01
9.112649235313308793e+01
4.014186169815799587e+01
4.260237351402983563e+01
4.784044703011140598e+01
5.349967545438949656e+01
6.947822100355598707e+01
8.804963037543645044e+01
3.799532592697310207e+01
4.036363074396671635e+01
4.541770615261229693e+01
5.089348223265614735e+01
6.641570894544686610e+01
8.453396464915303454e+01
3.562552431925650609e+01
3.788867161639236514e+01
4.273284887901459683e+01
4.799927051871478056e+01
6.300040234780615833e+01
8.060067904028521468e+01
3.302742789336745943e+01
3.516759137458279127e+01
3.976617655889489811e+01
4.478749570608963637e+01
5.917792351920905958e+01
7.617027125594137260e+01
2.964294404973220409e+01
3.161319475573197835e+01
3.587245596136688874e+01
4.055510528960812167e+01
5.410160750638468130e+01
7.025375591685984489e+01
4.399670906143170157e+01
4.661065129769225024e+01
5.215470521494123801e+01
5.811877908074351495e+01
7.485465737229509386e+01
9.417683781378141816e+01
4.225677632651530757e+01
4.480429022873966005e+01
5.021577389116789192e+01
5.604774930728977012e+01
7.245560455234169694e+01
9.145289600725810431e+01
4.029814519404165907e+01
4.276632582554924511e+01
4.801886330901680822e+01
5.369205358549175600e+01
6.970484501622709672e+01
8.831010561047487784e+01
3.811494289613824549e+01
4.049424694215080933e+01
4.556582984494243505e+01
5.105666021699968127e+01
6.661399199138209326e+01
8.476662440493116435e+01
3.552522495994892893e+01
3.780862235262489435e+01
4.267086636527294985e+01
4.794321900588576568e+01
6.294743244949856376e+01
8.054856837214690302e+01
3.214956603166004356e+01
3.436002927643918525e+01
3.899744810029913111e+01
4.400226424585579110e+01
5.829830502695690342e+01
7.518726910824815945e+01
2.675764091087465246e+01
2.899490980469806090e+01
3.341425909489774426e+01
3.804804119606751556e+01
5.126811601585927747e+01
6.705877784617378268e+01
1.804369073672659596e+01
2.038882384584436736e+01
2.452337006400536623e+01
2.854984674197335437e+01
3.991411948940848475e+01
5.379771922952273400e+01
4.015280539603375587e+01
4.282146690880476569e+01
4.827821260261054448e+01
5.404801802241352959e+01
7.019694029551321535e+01
8.891714424808000672e+01
3.678672495695660416e+01
3.950807171928467909e+01
4.488980008528612586e+01
5.048354193145662805e+01
6.609459876185437111e+01
8.426195746423562127e+01
3.233729807703601011e+01
3.517138931679118485e+01
4.049833969139089618e+01
4.587312327637559406e+01
6.077284230426838008e+01
7.820193041258906419e+01
2.668471000744006361e+01
2.965766408340780558e+01
3.491649993211133562e+01
4.000250696339983847e+01
5.394889433061828043e+01
7.038599119971972584e+01
2.017653722174776121e+01
2.319718538012710596e+01
2.826590032213122328e+01
3.294148100463883111e+01
4.560928799601077799e+01
6.072716341180287714e+01
1.381393413493507794e+01
1.662204337227527517e+01
2.121796474807588950e+01
2.530195857723932562e+01
3.631599543468611557e+01
4.975823794930636979e+01
8.892195700285471460e+00
1.109790077468908542e+01
1.480371377994011617e+01
1.807364171250062412e+01
2.706234873728668333e+01
3.849882819714623139e+01
6.483352455951540527e+00
7.668135696209262164e+00
1.002836088323116570e+01
1.226380418154696983e+01
1.892050467384623502e+01
2.809655772527684903e+01
1.600975605855269635e+01
1.943344247086317722e+01
2.493668794039904668e+01
2.968597178488020205e+01
4.207261490670941129e+01
5.681907607846821406e+01
1.268855103562511388e+01
1.582987818861640683e+01
2.090188849321965492e+01
2.524220470534071126e+01
3.659261230994503933e+01
5.030831751685617803e+01
9.966729699825416233e+00
1.272884398418765528e+01
1.726436728557486333e+01
2.114511933850889491e+01
3.139017455013891578e+01
4.401861517094845766e+01
7.923672839204289886e+00
1.021603131912863738e+01
1.411583368675153238e+01
1.749124312577025719e+01
2.657470775659526652e+01
3.807225409319438825e+01
6.601498546714133830e+00
8.339637056968777884e+00
1.150981666124824443e+01
1.433720904526760975e+01
2.220949951496145403e+01
3.253852246113359570e+01
6.025489812090878416e+00
7.126790160093184667e+00
9.473734141199598113e+00
1.170978926761382333e+01
1.831896576627587692e+01
2.743857132439423552e+01
6.239358513128207662e+00
6.611174731389601433e+00
8.027180497525094438e+00
9.618761033140659222e+00
1.489198401925978388e+01
2.273984144276477437e+01
7.369505499633740797e+00
6.889510922545161620e+00
7.229523307287195166e+00
8.100261621237537568e+00
1.191903126685399883e+01
1.838709477266890246e+01
8.051791987645986026e+00
1.053609065810678480e+01
1.473349166332404003e+01
1.832414720520748475e+01
2.783276762525253645e+01
3.972882698027540016e+01
7.013608199021592604e+00
9.128992651549337367e+00
1.283673011981180778e+01
1.605879710339596400e+01
2.475398153842665394e+01
3.586578743296927740e+01
6.300833247342444210e+00
8.015102668708525613e+00
1.119669324334625671e+01
1.403353378294271181e+01
2.189632510344956629e+01
3.220948243896740593e+01
5.916118560296118822e+00
7.194965859104269335e+00
9.810956351640056639e+00
1.224372375014689140e+01
1.925019633712496159e+01
2.874522282696775122e+01
5.873153502636163203e+00
6.676651414698469900e+00
8.680281420559067485e+00
1.068522192758900857e+01
1.680130860011357541e+01
2.544868146146722765e+01
6.207031964569188709e+00
6.484248318816475454e+00
7.814899686282674729e+00
9.359439203535306007e+00
1.453369295749980417e+01
2.228692307350686619e+01
6.996465876687958385e+00
6.675290063610828994e+00
7.246026982702840513e+00
8.281341658440688036e+00
1.243120660953445444e+01
1.921362006538931411e+01
8.410121169443950606e+00
7.379538009670124410e+00
7.055772647262763542e+00
7.504607331901483214e+00
1.049447575426512813e+01
1.617772306368387802e+01
6.261350472843709269e+00
8.057585095732175517e+00
1.137132296654355912e+01
1.430538646235183187e+01
2.236024057645826701e+01
3.285349092060685905e+01
5.919593716393810823e+00
7.389219077658177426e+00
1.027636652499817416e+01
1.290507368314159997e+01
2.031344071652698702e+01
3.018941115144845710e+01
5.765986403089988777e+00
6.887046724820574006e+00
9.321726345845174677e+00
1.163161272350684428e+01
1.837351618380967366e+01
2.761474922944595534e+01
5.813235787768444851e+00
6.558653856255894254e+00
8.508577814578092813e+00
1.048207298198262727e+01
1.652942756909697408e+01
2.511063032555681218e+01
6.087062579203871060e+00
6.421646309505936401e+00
7.844409180090665679e+00
9.457584978660399599e+00
1.477001303482089156e+01
2.265406382033565080e+01
6.635117055220065119e+00
6.510661402658874053e+00
7.347743494682318577e+00
8.566746876818408296e+00
1.308502950454361802e+01
2.021669631893931296e+01
7.547497963451606395e+00
6.893400710765871686e+00
7.058658766716363608e+00
7.832882240278171260e+00
1.146638833666358792e+01
1.776018699337616980e+01
9.001113656237741623e+00
7.707063493276878674e+00
7.065824416236285543e+00
7.315922292539097427e+00
9.920944741884870410e+00
1.523988568120849330e+01
5.657987216652139217e+00
6.747523023194360370e+00
9.165970113437875710e+00
1.147031535439238858e+01
1.819404750336105181e+01
2.741644259094929126e+01
5.695909967504485749e+00
6.521116082437894867e+00
8.596783629158910145e+00
1.066340408240009019e+01
1.689801669450162436e+01
2.565611391058185120e+01
5.843455246493851618e+00
6.384136588053817896e+00
8.092350110047156875e+00
9.906634074421996061e+00
1.562607245879476636e+01
2.389566195505378587e+01
6.120548102788780476e+00
6.350559500888854458e+00
7.659279424642803313e+00
9.202050400003415120e+00
1.437159625545252517e+01
2.212021895515894343e+01
6.559298906777731197e+00
6.443796476644589433e+00
7.310220619458256408e+00
8.555682439694614061e+00
1.312814077646427968e+01
2.031143729324708502e+01
7.212730890402447415e+00
6.703481308403796746e+00
7.068288588905774716e+00
7.980596656419717050e+00
1.188997633825874978e+01
1.844560572733933412e+01
8.174502496324137724e+00
7.200912575283476613e+00
6.977268726730813775e+00
7.504014935215541193e+00
1.065353962055336368e+01
1.648957260720170126e+01
9.622311456550187714e+00
8.074276839223083257e+00
7.127072871816489297e+00
7.187343196601507778e+00
9.427793093086778597e+00
1.440145044696358667e+01
5.677374970402221166e+00
6.427294620107285361e+00
8.417640038570677774e+00
1.042903280545144362e+01
1.654894117768273887e+01
2.519786692973763564e+01
5.817943797930427152e+00
6.334959990187855716e+00
8.023945546310478960e+00
9.828765725132829090e+00
1.552820044301280866e+01
2.377868396988947808e+01
6.046668375378475346e+00
6.310370590289121395e+00
7.672770810879935510e+00
9.255540960627801184e+00
1.450577262228226338e+01
2.233084155449601838e+01
6.384849618167304008e+00
6.368847187738785109e+00
7.372037786290502659e+00
8.712718114711689665e+00
1.347641604570684848e+01
2.084092372742849264e+01
6.865572228924296638e+00
6.534791552036634421e+00
7.135414149080371082e+00
8.207386384702834548e+00
1.243487510142452024e+01
1.929191064202121098e+01
7.542395431791423910e+00
6.848438159553921878e+00
6.986700465024598294e+00
7.753368752068984904e+00
1.137635282917707436e+01
1.766119988677375119e+01
8.508731976297909227e+00
7.381040814483416312e+00
6.969890226983987525e+00
7.378271189885011516e+00
1.029803944650553227e+01
1.591674545392692686e+01
9.940861259741101463e+00
8.269619132107992598e+00
7.174026073604225395e+00
7.142812666010839528e+00
9.208565881917227358e+00
1.401666651333391123e+01
5.764373214729609174e+00
6.317807283590051171e+00
8.060909586687646566e+00
9.905015763774207116e+00
1.568375969068770637e+01
2.400928172031360219e+01
5.946508382108154578e+00
6.284969371021110085e+00
7.750228263659186823e+00
9.405043934844146136e+00
1.480063936786277168e+01
2.276335462266788667e+01
6.207897628012023716e+00
6.310804412212900338e+00
7.472652652760324088e+00
8.922271146128823105e+00
1.390476162666103122e+01
2.147644879097837034e+01
6.570145345250981705e+00
6.410963842781397304e+00
7.236469529307466786e+00
8.460446938249402749e+00
1.299133508955813099e+01
2.013565729121459214e+01
7.066440481876735014e+00
6.610001027151743536e+00
7.055553718477576730e+00
8.026908217603343942e+00
1.205543795360082626e+01
1.872437745153416344e+01
7.750218254022406938e+00
6.948093825569279680e+00
6.953733047169143866e+00
7.635558774129050263e+00
1.109246313695997443e+01
1.722029834085512334e+01
8.714331977628962278e+00
7.496077330230377811e+00
6.974754429749244089e+00
7.313866745722997997e+00
1.009967003132119956e+01
1.559163548938475330e+01
1.013384328599524764e+01
8.389922346212845383e+00
7.206808963361387654e+00
7.121813113540652829e+00
9.085157383654658858e+00
1.379616649130482386e+01
5.466302723466836255e+01
5.765598929243237336e+01
6.395571331979197538e+01
7.067230073364453347e+01
8.927579580478597165e+01
1.104464178505681247e+02
5.258308118658953134e+01
5.550878377702305499e+01
6.167448144731719140e+01
6.825769077012100183e+01
8.653050189109397650e+01
1.073742457273737045e+02
5.024355542710911493e+01
5.308962337818425681e+01
5.909657734545180574e+01
6.552173416760081182e+01
8.340235759587656617e+01
1.038579741403283663e+02
4.773331509086707314e+01
5.048928491071281144e+01
5.631656880290582734e+01
6.256274664747319747e+01
7.999886884266888387e+01
1.000140482803600861e+02
4.499656159448413462e+01
4.764980359845928604e+01
5.327218835193007607e+01
5.931419746961804407e+01
7.624301022034489961e+01
9.575516858579116786e+01
4.203338431976452227e+01
4.457069660333421979e+01
4.996178923144125150e+01
5.577324990559228723e+01
7.212885187113741381e+01
9.107214524544878032e+01
3.901336806450161276e+01
4.142510976209143081e+01
4.656553560293488658e+01
5.212695098197916366e+01
6.786007140681772398e+01
8.618448246296757986e+01
3.535214366518536622e+01
3.760145064222083988e+01
4.241752095517876597e+01
4.765525283836584691e+01
6.258200229732096886e+01
8.010391845008125244e+01
5.282186486087622512e+01
5.575514055065683294e+01
6.193588094696794144e+01
6.853402633726234683e+01
8.684379324206824435e+01
1.077239875078320068e+02
5.052281122555348247e+01
5.337885252301055061e+01
5.940546148716252617e+01
6.585006118297116018e+01
8.377878502706674624e+01
1.042819391167239758e+02
4.794969078576649935e+01
5.071508234413624194e+01
5.655993223600226827e+01
6.282294679536705218e+01
8.030023163711425127e+01
1.003560479493902449e+02
4.517067496194800214e+01
4.783795913318515147e+01
5.348189089302032073e+01
5.954187815076990375e+01
7.651195155806615844e+01
9.606430313470319504e+01
4.196954500913258812e+01
4.453835051299626713e+01
4.996006425949347829e+01
5.578461875878804221e+01
7.215584998722123089e+01
9.111129739612471212e+01
3.795451911833918501e+01
4.047500772238701927e+01
4.568740403382952309e+01
5.124149183014968401e+01
6.687962965457022335e+01
8.509525111263020847e+01
3.157975387682762758e+01
3.422564653512900890e+01
3.930737170361437194e+01
4.451382543816706772e+01
5.906988971360618734e+01
7.616869606666971038e+01
2.100765173499061689e+01
2.391682032568917293e+01
2.886228639729675294e+01
3.349075493158887440e+01
4.612851178854485568e+01
6.123070560867667211e+01
4.776526071754296510e+01
5.081876167593011928e+01
5.695171146097399628e+01
6.334476318577180365e+01
8.099183774710745354e+01
1.011858241781963557e+02
4.342541486763861514e+01
4.658525014208847637e+01
5.267818403139776251e+01
5.888799099472382892e+01
7.593699441821566154e+01
9.551041017024797952e+01
3.779842719271817231e+01
4.115025782649143338e+01
4.725033375117067891e+01
5.324152136854865347e+01
6.951502528733990971e+01
8.827387880559891187e+01
3.082818970282433568e+01
3.440421353871385435e+01
4.051378682250789609e+01
4.622256609813678807e+01
6.147616685257587221e+01
7.916047476683687023e+01
2.299561980159995755e+01
2.667175770340546137e+01
3.265167609819097549e+01
3.795341816748315011e+01
5.185780681018353278e+01
6.813653584981116751e+01
1.548017557772472230e+01
1.893442708037212441e+01
2.445240413481313979e+01
2.915350662013209160e+01
4.133277334595318564e+01
5.585486907864715533e+01
9.653716518732171181e+00
1.243682236303268773e+01
1.701594821927884738e+01
2.087665963190308460e+01
3.096170361114306857e+01
4.340946071897221259e+01
6.541942599316500129e+00
8.207940670769934499e+00
1.135600047469378460e+01
1.414621171317237902e+01
2.184467538990966062e+01
3.198641882447308760e+01
1.786174318820670592e+01
2.200813775857112020e+01
2.853639509344172254e+01
3.394698626586242796e+01
4.752228214447791999e+01
6.335020320767296909e+01
1.400339016965678418e+01
1.781525258889486096e+01
2.386535936014960413e+01
2.884001922927694395e+01
4.131933603006618938e+01
5.605917152129764247e+01
1.085113270716081679e+01
1.422643390242554595e+01
1.968710418916461791e+01
2.417574709884862827e+01
3.550086531680518931e+01
4.910929543799333175e+01
8.457982480019758498e+00
1.130632295723164837e+01
1.607764565229518539e+01
2.003718452309649933e+01
3.016509059953653704e+01
4.261325550123402195e+01
6.832300549813448143e+00
9.073118900850420943e+00
1.306424965641276081e+01
1.645590974669763540e+01
2.535053470775675777e+01
3.661517849862368479e+01
5.965436699597778336e+00
7.522796081273950719e+00
1.064601379836186723e+01
1.343125072652856034e+01
2.105405880403993990e+01
3.110794142387441852e+01
5.865356502715731501e+00
6.654914456890454133e+00
8.809886470935518687e+00
1.094060779420867746e+01
1.723142356065466885e+01
2.602473671096710106e+01
6.612305706313176934e+00
6.522899648339842926e+00
7.575101890184108733e+00
8.981665651351958601e+00
1.383727208362940253e+01
2.127669750063511955e+01
8.611701137852037391e+00
1.166292837588332887e+01
1.675266105885247825e+01
2.093596489233626556e+01
3.148463761056245858e+01
4.431994667833038193e+01
7.376007951902325388e+00
1.001773365204197397e+01
1.457656150809929940e+01
1.837350806609519438e+01
2.808730927175125558e+01
4.012293632139063249e+01
6.478977848715253174e+00
8.682896146503944479e+00
1.267838324387254545e+01
1.607538595108461976e+01
2.494297414060025275e+01
3.617210835382341827e+01
5.911922783332953735e+00
7.648207312332328200e+00
1.104564320084004514e+01
1.402720445807681493e+01
2.203245847032197702e+01
3.244322905044806049e+01
5.675954784073984349e+00
6.909336070650530459e+00
9.666848479262670324e+00
1.221254944703061440e+01
1.932893489854260594e+01
2.889908446640016138e+01
5.791609000669058815e+00
6.476079706969711580e+00
8.538165120106214090e+00
1.061886795054641297e+01
1.680259432094270977e+01
2.549297562013373408e+01
6.317277785412442448e+00
6.386101517219818113e+00
7.671260235455519272e+00
9.241792322325970588e+00
1.441854514800695775e+01
2.216041762467071408e+01
7.385548235060117150e+00
6.735119173951664706e+00
7.116423401796629911e+00
8.104728828102569338e+00
1.215061757486206240e+01
1.882698600123990929e+01
6.455013294048649541e+00
8.742559740855483597e+00
1.287583792439911434e+01
1.637196975159393375e+01
2.542636652195136904e+01
3.682753335427923957e+01
5.981128710221593536e+00
7.916157698537293008e+00
1.159572800963849382e+01
1.477627691281422351e+01
2.317730659110901925e+01
3.395919080241898769e+01
5.690832755048652380e+00
7.254221437959190055e+00
1.045736516903278002e+01
1.331104285292888889e+01
2.104351876042640868e+01
3.119325478822476327e+01
5.590474728937121718e+00
6.758155950075176222e+00
9.455958649016748652e+00
1.196751892968070052e+01
1.900843006432171478e+01
2.850557076348652430e+01
5.697646260485179859e+00
6.437496729504390558e+00
8.590942676454265126e+00
1.073881444068142166e+01
1.705299235537746227e+01
2.586540353183407603e+01
6.048721095151951666e+00
6.315870078591434122e+00
7.870060683891850317e+00
9.622948927118015305e+00
1.515694699188573935e+01
2.323495958412745566e+01
6.715778661755466672e+00
6.443554421115989861e+00
7.316490753272868908e+00
8.626766123409568721e+00
1.329688357762277562e+01
2.056177045568886896e+01
7.841214971034094816e+00
6.925286114316937081e+00
6.988687945131531798e+00
7.781600099643424251e+00
1.145482028873656688e+01
1.778009920846183078e+01
5.565410940896451386e+00
7.090446959581640840e+00
1.027295197286261086e+01
1.311902118468860579e+01
2.082599958219723035e+01
3.094883506256880779e+01
5.503195750205665426e+00
6.749693507119220115e+00
9.574276527873728071e+00
1.217814313836879059e+01
1.939780124013734053e+01
2.906152068309995684e+01
5.539999943871737997e+00
6.489242505980588938e+00
8.932978483190369801e+00
1.128132543904825091e+01
1.799051975559375194e+01
2.717371820741010779e+01
5.691176251973450562e+00
6.318671888359752131e+00
8.351471504097219167e+00
1.042659155364024848e+01
1.659395762540404817e+01
2.526742354727147699e+01
5.982293741559498557e+00
6.255014565197225096e+00
7.836172907624612272e+00
9.613888472238338423e+00
1.519603212728899777e+01
2.331911656775003294e+01
6.456280295624902799e+00
6.328184129818295034e+00
7.400851193849284471e+00
8.847253675083356583e+00
1.378284111143093504e+01
2.129778976562182180e+01
7.189638160238689402e+00
6.593068113301072231e+00
7.073613117125229444e+00
8.138812091725142750e+00
1.233724323393626499e+01
1.915826631938779556e+01
8.326321665901950553e+00
7.156163104261970886e+00
6.914959161212037131e+00
7.522215068440997854e+00
1.084434025818265646e+01
1.683870909706259411e+01
5.455785644898885067e+00
6.621024299732005680e+00
9.355127242629270867e+00
1.190196364618504710e+01
1.900430684975113138e+01
2.855665199758910333e+01
5.506385339133217371e+00
6.428746616997703001e+00
8.850810637531198566e+00
1.118859499534109503e+01
1.787472322014212622e+01
2.703560326965412486e+01
5.633554731319602382e+00
6.293627770390716414e+00
8.379647894026259536e+00
1.049389124984441501e+01
1.673742775684101147e+01
2.548217583530793462e+01
5.854343202225805953e+00
6.226928799966731098e+00
7.945722031101222882e+00
9.817562858818106974e+00
1.558401487918757944e+01
2.388027691018881171e+01
6.195601468363260089e+00
6.247025446050373354e+00
7.556880517271975961e+00
9.161071685315526736e+00
1.440414138010892131e+01
2.220835439018043544e+01
6.701042036884981457e+00
6.384718709684520377e+00
7.227919384439793760e+00
8.529594264145142546e+00
1.318530934131801047e+01
2.043706702807054398e+01
7.447128622270072107e+00
6.695105131667768106e+00
6.987481940179955053e+00
7.936021507361363803e+00
1.191162413029104528e+01
1.852294851739533854e+01
8.576668299820299879e+00
7.283769904736424827e+00
6.895450760713059957e+00
7.413574752078848640e+00
1.056813746443345714e+01
1.640448491683486409e+01
5.467878454698341883e+00
6.426742640134173179e+00
8.903641821000988443e+00
1.128052690842998373e+01
1.804306232833314638e+01
2.727539944469937438e+01
5.565173223452833717e+00
6.301147228466537520e+00
8.491716671640425318e+00
1.067777393193269653e+01
1.706243000017013500e+01
2.593959636792481405e+01
5.729862131462287067e+00
6.223151332420998827e+00
8.102803520716980401e+00
1.008297682047617627e+01
1.606190987018973715e+01
2.455778057708152673e+01
5.979408994414482592e+00
6.204464800537039970e+00
7.741473797669654822e+00
9.496365164107785972e+00
1.503369025728053821e+01
2.311452691877739340e+01
6.340882202676749735e+00
6.263744958659815509e+00
7.415941274892856150e+00
8.919826149986313624e+00
1.396797909328802767e+01
2.158895661361700746e+01
6.857968174762483216e+00
6.431851630886890270e+00
7.141168268369383121e+00
8.358775145192367972e+00
1.285266326973814976e+01
1.995225160209991344e+01
7.606665884712640491e+00
6.763575226759077630e+00
6.945696684414592426e+00
7.826133563549044325e+00
1.167213803359994806e+01
1.816147826236121787e+01
8.728712036658293982e+00
7.363586415184601108e+00
6.888684095297542775e+00
7.354511572121857910e+00
1.041105276273161806e+01
1.615492345596599577e+01
6.268310341025798493e+01
6.592372404864953239e+01
7.271701176652668153e+01
7.992484472444758126e+01
9.974646743078118050e+01
1.221212499370241176e+02
6.009262402444802120e+01
6.325597598619946638e+01
6.989529758698918727e+01
7.694991606070077239e+01
9.639170414699857758e+01
1.183910705195906559e+02
5.726069115629068307e+01
6.033591000259639259e+01
6.679957482171285221e+01
7.367933717573531283e+01
9.268740139980879178e+01
1.142577584064419227e+02
5.426856168951312753e+01
5.724611007875916613e+01
6.351505103504304373e+01
7.020090141720135080e+01
8.872764907597901640e+01
1.098214710853892910e+02
5.099769232160359422e+01
5.386317889945619442e+01
5.990866272492787914e+01
6.637193104396614274e+01
8.434595604385285128e+01
1.048922080147297748e+02
4.759386308541599675e+01
5.033771827194636472e+01
5.614060472822990278e+01
6.236215139289114262e+01
7.973560363999284561e+01
9.968643261581877368e+01
4.413505593771245827e+01
4.674747777543698390e+01
5.228808471461196916e+01
5.824812203646735753e+01
7.497107926849221826e+01
9.427592961999835097e+01
4.017912956733214003e+01
4.263099862726073752e+01
4.785109563836335411e+01
5.349140428158422367e+01
6.941835874999625844e+01
8.793176660758081198e+01
6.039436786602638563e+01
6.356680348011376225e+01
7.022416752029364773e+01
7.729670505341898945e+01
9.678286116762799907e+01
1.188260343149440104e+02
5.760251886999005677e+01
6.068896259718361819e+01
6.717469799218001469e+01
7.407626503251502470e+01
9.313823867168308368e+01
1.147618584391553895e+02
5.452318053384825447e+01
5.751106422959508535e+01
6.379898161049413829e+01
7.050285140909493009e+01
8.907347407995892752e+01
1.102105604799449878e+02
5.123791164337903581e+01
5.412117744988857027e+01
6.019355792130476601e+01
6.667900371339648302e+01
8.470362006801629207e+01
1.052990759581078208e+02
4.750731806149933334e+01
5.029166617996991562e+01
5.613297877953571913e+01
6.236992971510817796e+01
7.975947338728830971e+01
9.972185347047455650e+01
4.288620990744719563e+01
4.564624443143881649e+01
5.129238109004832324e+01
5.725449921791933861e+01
7.388247567177045028e+01
9.307388223996747456e+01
3.548645895528225225e+01
3.845808684297006863e+01
4.404334893622117875e+01
4.966701632427921709e+01
6.517481196447215552e+01
8.320015563622729360e+01
2.318422888764667533e+01
2.652749834718594357e+01
3.207477821049749878e+01
3.712381484400081177e+01
5.061036758341657560e+01
6.651493769978128512e+01
5.420125201372054846e+01
5.756462147230045900e+01
6.422149942565295078e+01
7.108430714469406553e+01
8.984592606313073304e+01
1.111320297307473624e+02
4.896422567502033019e+01
5.248734438595506901e+01
5.914191785434680071e+01
6.581809046301556521e+01
8.393164038617010192e+01
1.045396252709889922e+02
4.225753894778320330e+01
4.604419797532724346e+01
5.276433984884462802e+01
5.922393182698353087e+01
7.650640119356187085e+01
9.623281380082481462e+01
3.408744165337159160e+01
3.816249310579348730e+01
4.495222180369273701e+01
5.113097915065334576e+01
6.732672540160965013e+01
8.589807925868704785e+01
2.509634064225127403e+01
2.929240655236486290e+01
3.598073113663051714e+01
4.174356635041244346e+01
5.650963341479674540e+01
7.358355384051301940e+01
1.663884805144844492e+01
2.057410133313022982e+01
2.677250954694001450e+01
3.190702198661812261e+01
4.485554710843102555e+01
6.007644343110201390e+01
1.016561359768437534e+01
1.334827922352700114e+01
1.853076211196848178e+01
2.278089157810840959e+01
3.354204931426534131e+01
4.660055542822693297e+01
6.645504789570787274e+00
8.625344424531693477e+00
1.228610430863556680e+01
1.542014179039649591e+01
2.372111627072548856e+01
3.441044558328249536e+01
1.913383939846550774e+01
2.382170549569618956e+01
3.111803923777467773e+01
3.700389708803563593e+01
5.138065570542941884e+01
6.792087512716176434e+01
1.487599712585617873e+01
1.917454120057533729e+01
2.593689206188249941e+01
3.135538540501648797e+01
4.457464941572723660e+01
5.996985836837819761e+01
1.142235370027157693e+01
1.522847163578736485e+01
2.134268031149315803e+01
2.624414892951123690e+01
3.825526627489121267e+01
5.247138353733891591e+01
8.803214103589660056e+00
1.202945875126430231e+01
1.739708334503019671e+01
2.174054773734192381e+01
3.250932482390135903e+01
4.552724034436415224e+01
7.001847513414529267e+00
9.573769399050327422e+00
1.410908244413347212e+01
1.785938161028213500e+01
2.735967200659643694e+01
3.916626541499104519e+01
5.984228969951831623e+00
7.833846919548592247e+00
1.145640359454738189e+01
1.457932850124456081e+01
2.278233312514574749e+01
3.335974029184477274e+01
5.733458418981267180e+00
6.786104799076610128e+00
9.404989052772384284e+00
1.185775063427971610e+01
1.871378453635146499e+01
2.802182645581213549e+01
6.299527240548655094e+00
6.455898239411741457e+00
7.948746293928011575e+00
9.668479967574430844e+00
1.508676749598848943e+01
2.304319840503978156e+01
8.960416299726871259e+00
1.239590902592928146e+01
1.809650575222185509e+01
2.267076062696994754e+01
3.385962385814377740e+01
4.725884703234070372e+01
7.608416297173822507e+00
1.059999716188876739e+01
1.573008908268963069e+01
1.989836402875540244e+01
3.022544147921405866e+01
4.280397850081325828e+01
6.610420269061879850e+00
9.133847423106368879e+00
1.366513651256793516e+01
1.741636666953012025e+01
2.687565414255058371e+01
3.863177307736078347e+01
5.950127517113035225e+00
7.979854895217416200e+00
1.188203852322735621e+01
1.520330922363721982e+01
2.378381697280693174e+01
3.471040297914147743e+01
5.620827664603718077e+00
7.126105594618437955e+00
1.036201935578297473e+01
1.323562635097594509e+01
2.091599839359143687e+01
3.099549901682896902e+01
5.634409823345984947e+00
6.573873630054001715e+00
9.092803387753601640e+00
1.149231009126492609e+01
1.823375416125031379e+01
2.743148242209307242e+01
6.037494619878380320e+00
6.349799573880401837e+00
8.075851690161158558e+00
9.959270091255788770e+00
1.569332923417033321e+01
2.394574971592849266e+01
6.942813212902764874e+00
6.531360521951230069e+00
7.345023485176052525e+00
8.644575270860162419e+00
1.325522575384380453e+01
2.045235712217232305e+01
6.589368195325111088e+00
9.196718112131870626e+00
1.386916548071248734e+01
1.772102548152059498e+01
2.736429655938939831e+01
3.928770250824714338e+01
6.047722155774617470e+00
8.282022216229933065e+00
1.247585596306653777e+01
1.600030240404394277e+01
2.497682188134382386e+01
3.627190504574463858e+01
5.690298794319716968e+00
7.534999638952982082e+00
1.123028787667162653e+01
1.441767563108737704e+01
2.271536748570434838e+01
3.337208728486061915e+01
5.519871989020070480e+00
6.953528871200063577e+00
1.012417309375042507e+01
1.296089869097243330e+01
2.055981817082267327e+01
3.056048479199361623e+01
5.549554112308494602e+00
6.542837903286950585e+00
9.152808207284088837e+00
1.161904660421858893e+01
1.848728559639441116e+01
2.780268727769693271e+01
5.809758995589421993e+00
6.320798214836586659e+00
8.318325035143264046e+00
1.038459726225896596e+01
1.647210253594984053e+01
2.505560051175195824e+01
6.362799988374755245e+00
6.328714045719900483e+00
7.635758171154702012e+00
9.256762088076161632e+00
1.448424144572649475e+01
2.226107040504869516e+01
7.333027391658258232e+00
6.654878952376452439e+00
7.148870651397129627e+00
8.253254479305795144e+00
1.249415834433067296e+01
1.934369785661763075e+01
5.552734687824805171e+00
7.353261079096222730e+00
1.102298059987930401e+01
1.420027187974055849e+01
2.246591821459994165e+01
3.308897205797260455e+01
5.443389392027525808e+00
6.954798092263848375e+00
1.025294537946125395e+01
1.318194730405687132e+01
2.095542006590952155e+01
3.111727933258561407e+01
5.428760089988526438e+00
6.633592291687018694e+00
9.538620197599758654e+00
1.220686433201270127e+01
1.946666116724118112e+01
2.914741266311163770e+01
5.521963797888116865e+00
6.397099278469636552e+00
8.880389224015756255e+00
1.127107337603004211e+01
1.798759976986917053e+01
2.715964357053408662e+01
5.745234667644312232e+00
6.259249647532505456e+00
8.281793590025683827e+00
1.037179169719813387e+01
1.650373804551899326e+01
2.512833239874208857e+01
6.136488200630068057e+00
6.245254658673494497e+00
7.752167808347237177e+00
9.508781543355469879e+00
1.499724171075002843e+01
2.301885712101525172e+01
6.763284979835387567e+00
6.401877814205247041e+00
7.312350391998713839e+00
8.687430520369110454e+00
1.344530694506270940e+01
2.078138123964420103e+01
7.752488495161779625e+00
6.820089078868371679e+00
7.009006058929294625e+00
7.928595631858037507e+00
1.182228155470427566e+01
1.834521715442330603e+01
5.380975140161397441e+00
6.806446608816838939e+00
1.000910719438295438e+01
1.287873424706978831e+01
2.053110654192111184e+01
3.057830169313127300e+01
5.390035359291935002e+00
6.565446137121544901e+00
9.446420815169590313e+00
1.210290509919411228e+01
1.933686400465394328e+01
2.899253589098978878e+01
5.470534600698232275e+00
6.377312936451914105e+00
8.913497180064828385e+00
1.134293649557201888e+01
1.813331554810381618e+01
2.737392228214258694e+01
5.637502253175544986e+00
6.251426367567685993e+00
8.412662229648972811e+00
1.059685977021458214e+01
1.691055402452484913e+01
2.570503321602999591e+01
5.914669005323937689e+00
6.203290663582765596e+00
7.949137554538094008e+00
9.863670522156750664e+00
1.565611283623848138e+01
2.396251709914188766e+01
6.340927855480509301e+00
6.259226475516659782e+00
7.533547562651284224e+00
9.144560703354702724e+00
1.435391100230290817e+01
2.211382596734952344e+01
6.984024366444955056e+00
6.466421821426143524e+00
7.187474636842879683e+00
8.445888821190177254e+00
1.298259703332201553e+01
2.011104232605113751e+01
7.970003070648141730e+00
6.915228163128230854e+00
6.957217875642966121e+00
7.788310923695609844e+00
1.151666748823368458e+01
1.788398195068364060e+01
5.357651321330521910e+00
6.569457164606380850e+00
9.505775769758091798e+00
1.220144858809547550e+01
1.951048314504966186e+01
2.923583683542223000e+01
5.416006136283777472e+00
6.399345312043845269e+00
9.041619547289798220e+00
1.154332513387510595e+01
1.847346891075484976e+01
2.784445789268831817e+01
5.536377388349928097e+00
6.272113707075954281e+00
8.596446274182609315e+00
1.088959979022359548e+01
1.741403858311845809e+01
2.640551213309182543e+01
5.734276268747464655e+00
6.197665799320874136e+00
8.173157193669746690e+00
1.023891922218330386e+01
1.632299162012733262e+01
2.490236948492103153e+01
6.033728509356222069e+00
6.191869305433820081e+00
7.777427389027844917e+00
9.590794316488727489e+00
1.518851152303838070e+01
2.331245860766816591e+01
6.473676207042233344e+00
6.281187777650997894e+00
7.420146733436798314e+00
8.946766371138743068e+00
1.399503717748086196e+01
2.160391443306586368e+01
7.121504847378983705e+00
6.512597942858968203e+00
7.122881559845851029e+00
8.313305959325964167e+00
1.272158011372469311e+01
1.972942159020302810e+01
8.102361523925555531e+00
6.975684357955711512e+00
6.931324633063146834e+00
7.710559675302037341e+00
1.134231566076994824e+01
1.761866059665956641e+01
7.180177957272069023e+01
7.529712853426779873e+01
8.259795873317166581e+01
9.031080732151070833e+01
1.113841149002052191e+02
1.349954621819012175e+02
6.868398356155913120e+01
7.209386785880131754e+01
7.922440950326297582e+01
8.676781215425882010e+01
1.074210962253359014e+02
1.306173725826296561e+02
6.530320626305574194e+01
6.861656485659901250e+01
7.555474064863609840e+01
8.290667957713981195e+01
1.030851506237447666e+02
1.258119220805050560e+02
6.177336507793688014e+01
6.498126341856125521e+01
7.170921916450714662e+01
7.885185825223898348e+01
9.851100749957160474e+01
1.207238808672384067e+02
5.792768759706410719e+01
6.101472165082012111e+01
6.750170628617861723e+01
7.440437076097255442e+01
9.346783533718611636e+01
1.150908994285216949e+02
5.402575491217625370e+01
5.698501964122827701e+01
6.321722013869501211e+01
6.986609265476056407e+01
8.829931284849043038e+01
1.092979887544634181e+02
5.006873251894641186e+01
5.289001854923673562e+01
5.884695248098512366e+01
6.522146763554430038e+01
8.297267643461583475e+01
1.032947115834733296e+02
4.564195209537383136e+01
4.829810344036526715e+01
5.392547749225005305e+01
5.997136500640200296e+01
7.690497901907482969e+01
9.641490692580599386e+01
6.903976006027127710e+01
7.245958133088774389e+01
7.960984671534841084e+01
8.717283270826372643e+01
1.078746058979849067e+02
1.311187688505275446e+02
6.571849650094070228e+01
6.904447697400350137e+01
7.600740020459787161e+01
8.338375000937780612e+01
1.036225373876286824e+02
1.264088953757680969e+02
6.206813939797944357e+01
6.528739421118312691e+01
7.203578706695579115e+01
7.919759193717412415e+01
9.890315868305231106e+01
1.211617405680817114e+02
5.822888323103155273e+01
6.133783214727311162e+01
6.785703693143733517e+01
7.478561913640601233e+01
9.390747130974845902e+01
1.155871711882183064e+02
5.388934193308732290e+01
5.690110031130188162e+01
6.318159139241753053e+01
6.984814273720638766e+01
8.829586936669039687e+01
1.093031057567642534e+02
4.849944113095980924e+01
5.151927474528952189e+01
5.762328977514177097e+01
6.400846913533435156e+01
8.165424892217018282e+01
1.018462314383342431e+02
3.971319793459155534e+01
4.304804768275630522e+01
4.916987546836232070e+01
5.521817464058536729e+01
7.166951238112675071e+01
9.060688542611576679e+01
2.527548532419382354e+01
2.907566495040926924e+01
3.523858458457575438e+01
4.069317137455382749e+01
5.495547133654238081e+01
7.158161115534723251e+01
6.145123477944211743e+01
6.516288172378838794e+01
7.238584027566368206e+01
7.974097306119497830e+01
9.965376682953224474e+01
1.220636498616932357e+02
5.512617556234604876e+01
5.906797147389294622e+01
6.634200109591482430e+01
7.351063477693261916e+01
9.272125945195831775e+01
1.143887307375410103e+02
4.709369486412294492e+01
5.138333976376238610e+01
5.879434705035830433e+01
6.574943367759739488e+01
8.406109533609482298e+01
1.047645705039050625e+02
3.747085653086587342e+01
4.210963153846606133e+01
4.964945310896700903e+01
5.632023039217170179e+01
7.345615017223725829e+01
9.289965581129277439e+01
2.711890146497999865e+01
3.187312536005202546e+01
3.931354083203331840e+01
4.554291336645133015e+01
6.113146692929106507e+01
7.894913436760045045e+01
1.763124496014196296e+01
2.204630776420806271e+01
2.892223686497061763e+01
3.446893438927676812e+01
4.810003744146715832e+01
6.392492277129740330e+01
1.054922134876855999e+01
1.409631208795313917e+01
1.983162088355574681e+01
2.442152333265030961e+01
3.572541285105113928e+01
4.925873145699205935e+01
6.744280740697361942e+00
8.986758073574058869e+00
1.307936813946492549e+01
1.648670916595378344e+01
2.522123934482463525e+01
3.629037501248424036e+01
2.021265173435077500e+01
2.543953646189477880e+01
3.350575012378804729e+01
3.985153353248923480e+01
5.495438814380906933e+01
7.212216513261137152e+01
1.556038838162194438e+01
2.032590719480095842e+01
2.777816476996663653e+01
3.361139280085298964e+01
4.747433792620016391e+01
6.342240462701844450e+01
1.182845804239611454e+01
1.603105389200725739e+01
2.275397998225877672e+01
2.802537888612090100e+01
4.060435257868287096e+01
5.530677946213278062e+01
9.023955484464542209e+00
1.258224785782909905e+01
1.848165663122859215e+01
2.315312275421928589e+01
3.442301291192145385e+01
4.787033716880100798e+01
7.103718599845311843e+00
9.952541259419302122e+00
1.495107983460352763e+01
1.899220565210470468e+01
2.893748821966981666e+01
4.112687056409559005e+01
6.007679258337524253e+00
8.090596995026860583e+00
1.211931921648574750e+01
1.550213212066942425e+01
2.410575907410393270e+01
3.502995154569318004e+01
5.693424314002294651e+00
6.948944720917573648e+00
9.930833576357368742e+00
1.262000161328199255e+01
1.984503978391501278e+01
2.947480783633973545e+01
6.183682381948336193e+00
6.526965729059384103e+00
8.355548374237939058e+00
1.029671835973327099e+01
1.606597869521039357e+01
2.433022735753496235e+01
9.169786221641446744e+00
1.294037238646994936e+01
1.918358267189452349e+01
2.409174434357342420e+01
3.578123868035201127e+01
4.960493084867944447e+01
7.737364115843837986e+00
1.102506105888845234e+01
1.664855555427261180e+01
2.112406787750261472e+01
3.191267749197177395e+01
4.488382352574466694e+01
6.679438023880491571e+00
9.464970911721131586e+00
1.444557265993676509e+01
1.848014577544197579e+01
2.836692978790007302e+01
4.048834292975327287e+01
5.972956411531670895e+00
8.236046673334611157e+00
1.254902613106250975e+01
1.613274982398189294e+01
2.511192175492420731e+01
3.638101574605557431e+01
5.604474989332489443e+00
7.319885860636568431e+00
1.093399126142888633e+01
1.405232752248052641e+01
2.210780547742412239e+01
3.251149440774443633e+01
5.578701904846067094e+00
6.710965291536889588e+00
9.581866674487001134e+00
1.221178646887421415e+01
1.931028097497260276e+01
2.881842346457870008e+01
5.933160177287867931e+00
6.427586277810404702e+00
8.486659938928735158e+00
1.059006583985875594e+01
1.666927226185995181e+01
2.522331626631113011e+01
6.766932385683045226e+00
6.534768547090004986e+00
7.671136979059728134e+00
9.184864988286408405e+00
1.413584488622171520e+01
2.163138427080131976e+01
6.653571979335159980e+00
9.521691091114778516e+00
1.464463261434146624e+01
1.878046541508784983e+01
2.884812059899402570e+01
4.113227991451863375e+01
6.078560930017945729e+00
8.551553919537179027e+00
1.316604394754656404e+01
1.695827714029726252e+01
2.633727276414636265e+01
3.797606497761755406e+01
5.692039424865853015e+00
7.756233484533966660e+00
1.184545611203585835e+01
1.528611187280980843e+01
2.396710283398952868e+01
3.495278058538049493e+01
5.494155975541104020e+00
7.131136909188907858e+00
1.067228384108837425e+01
1.374952186712209468e+01
2.171541738615021089e+01
3.203265564000249555e+01
5.494881393827247607e+00
6.678586983872969896e+00
9.639157803405103309e+00
1.233503972546014182e+01
1.955695188432210685e+01
2.917900361958340483e+01
5.720444412914727828e+00
6.412701247282071471e+00
8.744901887672510199e+00
1.103206809476854389e+01
1.746329866909218609e+01
2.634622462557311451e+01
6.226614534713555749e+00
6.369070338488830529e+00
7.999731073523989267e+00
9.835482187490557138e+00
1.540082912469438448e+01
2.347311665508963330e+01
7.126443911369173101e+00
6.625989724779525858e+00
7.438816773739610255e+00
8.755143632556418254e+00
1.333318054434645461e+01
2.047817864955670686e+01
5.545598746627382170e+00
7.558344244086939057e+00
1.161416348147369071e+01
1.504037946329879638e+01
2.368028174937450103e+01
3.462357762244225512e+01
5.418646288298030633e+00
7.131462184258670511e+00
1.079971138201058345e+01
1.396893102454918179e+01
2.210591762962018336e+01
3.258009896323635246e+01
5.385330834139097966e+00
6.782084199866823759e+00
1.004261100728804657e+01
1.294310802076771871e+01
2.055686570769952937e+01
3.054297723917914098e+01
5.457446264183891671e+00
6.516546863999504779e+00
9.342328298785400165e+00
1.195815216548854920e+01
1.902046151591134304e+01
2.849200977044004190e+01
5.655261347018842422e+00
6.347116535617517208e+00
8.701035620630699796e+00
1.101006682336874398e+01
1.748124587628742788e+01
2.640079092355450996e+01
6.013575259949984542e+00
6.296371952945145622e+00
8.125921474348372087e+00
1.009672447956775621e+01
1.591989435101113060e+01
2.423351371521565767e+01
6.594470746406939199e+00
6.406451832385910095e+00
7.634095516072465948e+00
9.220263519818912457e+00
1.431110541317691265e+01
2.193842293868543081e+01
7.514705933433850404e+00
6.759547328969958357e+00
7.264847047251956624e+00
8.394898445636517437e+00
1.262363420647326961e+01
1.943998836640796313e+01
5.349401683036838051e+00
6.970942648221997828e+00
1.053690349212766364e+01
1.364297368956141376e+01
2.165257852939662797e+01
3.200655450228914845e+01
5.343696231936322150e+00
6.708042307234574508e+00
9.941066515615109012e+00
1.282786187251946330e+01
2.041194215299620041e+01
3.036934187606305002e+01
5.407456487511560717e+00
6.496902762994341884e+00
9.374741776911625024e+00
1.202881157001864665e+01
1.916294844233889449e+01
2.870082647343634363e+01
5.554584763607810061e+00
6.345989665033811455e+00
8.839550011529203388e+00
1.124326270816525053e+01
1.789529347161485973e+01
2.698334165772316950e+01
5.807051566404833665e+00
6.269357687492622233e+00
8.339567901958250928e+00
1.046922719396208201e+01
1.659579022409498705e+01
2.519302385016142054e+01
6.200857760544458586e+00
6.290919475897077007e+00
7.883498553457972235e+00
9.706230186517720071e+00
1.524709559546562865e+01
2.329637307317806005e+01
6.798553867519029126e+00
6.453505893364646973e+00
7.489441247789730305e+00
8.957614050949468165e+00
1.382557283061816378e+01
2.124375220105067541e+01
7.716463313772982779e+00
6.839060424369042934e+00
7.196662207470762240e+00
8.237719010677352571e+00
1.230043727142171939e+01
1.896043690193512532e+01
5.312890681492671519e+00
6.713177674949236007e+00
1.000164863889430045e+01
1.292764022287614267e+01
2.058576993503681152e+01
3.061153759720528811e+01
5.357451351991027622e+00
6.523841383334864297e+00
9.509275908467376581e+00
1.223639512514452932e+01
1.951020615772181799e+01
2.917786186613182764e+01
5.461779297002376410e+00
6.375811509513545694e+00
9.034938773608466533e+00
1.154892901718180553e+01
1.841217280932031386e+01
2.769701802519634981e+01
5.640316509797206557e+00
6.278134731995850260e+00
8.580888329486942467e+00
1.086335029567413635e+01
1.728212337187059333e+01
2.615218610178049730e+01
5.915398901611980342e+00
6.245296849609261791e+00
8.151720180525000359e+00
1.017825083617735871e+01
1.610758581712917703e+01
2.452034640066484172e+01
6.323165353161864566e+00
6.301436128731074504e+00
7.756478013762016843e+00
9.493576897085253208e+00
1.487180186199490706e+01
2.276874463798861470e+01
6.925935731614423219e+00
6.489285987054620897e+00
7.413339266560414309e+00
8.812864923715860499e+00
1.355156372670273690e+01
2.084839779734858212e+01
7.839326883059838380e+00
6.890199948455769885e+00
7.161119283134590674e+00
8.150088802478656191e+00
1.211589239771500104e+01
1.868456352564788148e+01
8.322959125590843144e+01
8.701325301565920256e+01
9.488839882211297549e+01
1.031725212805899758e+02
1.256609987165618207e+02
1.506694831623780715e+02
7.951933532164434837e+01
8.321066665276633501e+01
9.090185927018956136e+01
9.900295762634404184e+01
1.210378309191014523e+02
1.455981552106314609e+02
7.543279969069072877e+01
7.901783943845444469e+01
8.649722308364094658e+01
9.438752934629280844e+01
1.158997523386319273e+02
1.399433911198117926e+02
7.117488966710527620e+01
7.464382774498373863e+01
8.189180382312261486e+01
8.955174899856295667e+01
1.104925320490288243e+02
1.339708848083266162e+02
6.669967566078356924e+01
7.004044718707743300e+01
7.703292434105836151e+01
8.443846825464383699e+01
1.047479310287963870e+02
1.276014352010776918e+02
6.223806788303235038e+01
6.544609263514689701e+01
7.217391185112651897e+01
7.931589670630309286e+01
9.897115638655156999e+01
1.211769510204861007e+02
5.764725342796001684e+01
6.070902732771708088e+01
6.714513584909407484e+01
7.399645081428073468e+01
9.292949097225796606e+01
1.144192444040483849e+02
5.240228212373525452e+01
5.528505276987408479e+01
6.136401970337545464e+01
6.785933266499540650e+01
8.590723638445510346e+01
1.065185973029203979e+02
7.992165861850821784e+01
8.362320940194351238e+01
9.133465561289794721e+01
9.945584630794326131e+01
1.215404477011676079e+02
1.461498732937911029e+02
7.594445179765079956e+01
7.954379721955358207e+01
8.705110680246131949e+01
9.496889358349189081e+01
1.165489522553377100e+02
1.406595904179317529e+02
7.155560247824898568e+01
7.503846835694048423e+01
8.231108602138749575e+01
8.999389291135793201e+01
1.109897948548514535e+02
1.345223738259207380e+02
6.704186289862414583e+01
7.040941066094980272e+01
7.743911154078205072e+01
8.487305965697673571e+01
1.052447179997500086e+02
1.281581769801362611e+02
6.198344630561061308e+01
6.526217020139776537e+01
7.205203352021675300e+01
7.921331734117933365e+01
9.887557236210625433e+01
1.210802078853946995e+02
5.551664321519834289e+01
5.885546712589957963e+01
6.550115670564635195e+01
7.237386920509881350e+01
9.117833515234221409e+01
1.125053240500299552e+02
4.470241523625863778e+01
4.849971688831813310e+01
5.527199720514565939e+01
6.180624031446193811e+01
7.929873077107470181e+01
9.923238615271569074e+01
2.745477897530590994e+01
3.180431866549245967e+01
3.869361035124251202e+01
4.459930285043281373e+01
5.966992320385582360e+01
7.703125284162503306e+01
7.038660266169854651e+01
7.454301522308460903e+01
8.245302224844100181e+01
9.038030736012262878e+01
1.116018818744906156e+02
1.352823944510068088e+02
6.257686459761581688e+01
6.706668606911699726e+01
7.511169875973340027e+01
8.285890436340818610e+01
1.033135533883877883e+02
1.261713428101586345e+02
5.274618881885552213e+01
5.769282854528570681e+01
6.597357013822291094e+01
7.351444657081238176e+01
9.298296160584618519e+01
1.147686827788609634e+02
4.121754267965751950e+01
4.657043977350951280e+01
5.504380568502827487e+01
6.229310593261321571e+01
8.046735839089454601e+01
1.008538494974735187e+02
2.915842308207017197e+01
3.458221876745039225e+01
4.292390072749502394e+01
4.968679179555133629e+01
6.615080995970274103e+01
8.473776854046136009e+01
1.846883689631712855e+01
2.341871196436313696e+01
3.105860580905801172e+01
3.705164357159842581e+01
5.136297254559331549e+01
6.776729543681629764e+01
1.077377290256143816e+01
1.469306176509991424e+01
2.100708695291697481e+01
2.593857628053130426e+01
3.773503603230430059e+01
5.167791853756754250e+01
6.771950815030678861e+00
9.257167101891312200e+00
1.376706844086470483e+01
1.742671068503380027e+01
2.651220838976462346e+01
3.786872582450742186e+01
2.109948673292789323e+01
2.691898467149804475e+01
3.584805555674031297e+01
4.269389024087080742e+01
5.852585990191482068e+01
7.629882577991297410e+01
1.603060055136482731e+01
2.129038398364043161e+01
2.949120099079555501e+01
3.576105904420064974e+01
5.024482090124335087e+01
6.670189308436513898e+01
1.202735686451744535e+01
1.663121991761124718e+01
2.399047622404501112e+01
2.963655775281541693e+01
4.273612269787174966e+01
5.786084301581356470e+01
9.068996938873358005e+00
1.294615834555358447e+01
1.937871126044007042e+01
2.436792653041209888e+01
3.607029816069496775e+01
4.986537205170871800e+01
7.079114756383519946e+00
1.017791173014409978e+01
1.561957973380479991e+01
1.992848333660694138e+01
3.023159059445630348e+01
4.270661409838854183e+01
5.967170311989844933e+00
8.246665887051495503e+00
1.264489924604801807e+01
1.625418963046154275e+01
2.515585172612186682e+01
3.631650385722468144e+01
5.662341783056203504e+00
7.077170026816917314e+00
1.037296139669263972e+01
1.325692534065846040e+01
2.073557725995011580e+01
3.056538070538216800e+01
6.162901986372562035e+00
6.643561306236812847e+00
8.748089083068316896e+00
1.086177000092549783e+01
1.685420978127554648e+01
2.529299989203176935e+01
9.189391905210774425e+00
1.327752989858813137e+01
2.005995498123280996e+01
2.528984799797941818e+01
3.740890857203423536e+01
5.157335199981832119e+01
7.707469056121496465e+00
1.126493929843869246e+01
1.736449800587683967e+01
2.212666291494958770e+01
3.329360612022853871e+01
4.656358674445880297e+01
6.626116237626387573e+00
9.639964571531340454e+00
1.504029653470867522e+01
1.933001774449778765e+01
2.954982017404794448e+01
4.193323077235184115e+01
5.915307942439081756e+00
8.371934702803269346e+00
1.305573031252473903e+01
1.686705648501901322e+01
2.614033335404016611e+01
3.763996801312587337e+01
5.554777417445563081e+00
7.435573983868613901e+00
1.137898294993779125e+01
1.470129116214771159e+01
2.301806141306552433e+01
3.362580806738168349e+01
5.542791691020683587e+00
6.819132732988475887e+00
9.985543346242959473e+00
1.279990059793287038e+01
2.013311423826127111e+01
2.982379555049001496e+01
5.909784776312742238e+00
6.534017124849837543e+00
8.862800389358254094e+00
1.113535831972518686e+01
1.742900382242454782e+01
2.614890054275926090e+01
6.747075994730364457e+00
6.637537902975450876e+00
8.025780718807416392e+00
9.697514752645471248e+00
1.484833028885303108e+01
2.249698098945530944e+01
6.589297235784972173e+00
9.682226418055353889e+00
1.522334249185686517e+01
1.961367860603260382e+01
3.000973614156796643e+01
4.255020574867590000e+01
6.011733205890340770e+00
8.683109118755371725e+00
1.367835749475976925e+01
1.770399903233171557e+01
2.738200329220525120e+01
3.925362175686064603e+01
5.629890224374841878e+00
7.869384598620833948e+00
1.230569975490275603e+01
1.596063988968940173e+01
2.491424139328519871e+01
3.611165888509565747e+01
5.441732612418711312e+00
7.234495910741223668e+00
1.109309521760746797e+01
1.436764263471606995e+01
2.258304593202676358e+01
3.309356862393209298e+01
5.454878802468875243e+00
6.778489213696325066e+00
1.003092135508159544e+01
1.290926968708734002e+01
2.036077949552645450e+01
3.016013893949509495e+01
5.692747958934676333e+00
6.513006670292198486e+00
9.115871651515922380e+00
1.157296940024877863e+01
1.821730693664842349e+01
2.726415741725393715e+01
6.207247486322032159e+00
6.470178422850726641e+00
8.355104691329668043e+00
1.035075926296451243e+01
1.611632565346520707e+01
2.434176263775363935e+01
7.106338338800308740e+00
6.723602941397047950e+00
7.779372765578549398e+00
9.248123153500067417e+00
1.401678757839475509e+01
2.130617017694662607e+01
5.478894808047924947e+00
7.656818571255470829e+00
1.204759735330097925e+01
1.568129592300508968e+01
2.458134395136785244e+01
3.572482978852839608e+01
5.360294270168478370e+00
7.225337968069341699e+00
1.120851520223469677e+01
1.457370828140084207e+01
2.295549141432610085e+01
3.361777647269198610e+01
5.336650116429589197e+00
6.874075831702983308e+00
1.043098225808848589e+01
1.351670485347064599e+01
2.136102258866419845e+01
3.152397319060457193e+01
5.419043022726409475e+00
6.608904837220983985e+00
9.714266687423938507e+00
1.250548283213342593e+01
1.978549352450328414e+01
2.942365122731680316e+01
5.626819144334310074e+00
6.441372677863602902e+00
9.059979892005880941e+00
1.153554327021600123e+01
1.821299621315429818e+01
2.728995458883179381e+01
5.993246660694761196e+00
6.392932532469500551e+00
8.474580036165011876e+00
1.060422392529050839e+01
1.662393936518795456e+01
2.508696864894622891e+01
6.577875241742678014e+00
6.503687277927661547e+00
7.973615362009198293e+00
9.712323187909774447e+00
1.499191556345884990e+01
2.276189425417787504e+01
7.493633244679202221e+00
6.852557175999854699e+00
7.593534367514015671e+00
8.871335358577802310e+00
1.328280766723020001e+01
2.023587318364526411e+01
5.292212922641488682e+00
7.058939452706520790e+00
1.093024794192508331e+01
1.422679713050614936e+01
2.247233860457737720e+01
3.300664851082913742e+01
5.294937086658961789e+00
6.795791027763928405e+00
1.031992658599567392e+01
1.338892758819787154e+01
2.119816864139997392e+01
3.132744922241995766e+01
5.367515378861954289e+00
6.585638338496289101e+00
9.741164556024463295e+00
1.256956561057041100e+01
1.991866869923476813e+01
2.962037141886426994e+01
5.523356552462368896e+00
6.436697555623894118e+00
9.195584556357250250e+00
1.176629271360227769e+01
1.862391192972509302e+01
2.786831134115470121e+01
5.783750386184296488e+00
6.362567949195505612e+00
8.686994676634355983e+00
1.097692658642553809e+01
1.730060431627876483e+01
2.604732604504610194e+01
6.183435031705173834e+00
6.386303674598814872e+00
8.223626209300286760e+00
1.020071186328934054e+01
1.593137805177898159e+01
2.412404202781433682e+01
6.782770807725908568e+00
6.549049779131395077e+00
7.822365231444837086e+00
9.439992873475105739e+00
1.449182631039532332e+01
2.204810885531077957e+01
7.694627240328758333e+00
6.929888248790477157e+00
7.520073918465837615e+00
8.706839655483699758e+00
1.294877472662098228e+01
1.974198917125015740e+01
5.262353102380727066e+00
6.798291768841140836e+00
1.037747171831341753e+01
1.348545566217262426e+01
2.136753338957540649e+01
3.156377920176083762e+01
5.314708093572803271e+00
6.610028665596191289e+00
9.874663240927880281e+00
1.277703508365604357e+01
2.026614800013502560e+01
3.009750640782180753e+01
5.426941080939466922e+00
6.463806315198715069e+00
9.391157337484434819e+00
1.207390753946080864e+01
1.914417158630621074e+01
2.858617021855070561e+01
5.613068040945663029e+00
6.368476777576034031e+00
8.929247176561252886e+00
1.137435166805065734e+01
1.799244194031603783e+01
2.701350132892970279e+01
5.894823723704694096e+00
6.338152865116332357e+00
8.493346058844970514e+00
1.067685671524548674e+01
1.679847766507540996e+01
2.535650563559215342e+01
6.307190083440360695e+00
6.396211302607270888e+00
8.092110712930795202e+00
9.981162602757519764e+00
1.554555860702892822e+01
2.358260704052782586e+01
6.910449886278483334e+00
6.583847866923733250e+00
7.742641595834076185e+00
9.289938333358481515e+00
1.420982506797421685e+01
2.164221764579958673e+01
7.816945016824518255e+00
6.979742931858458732e+00
7.481543706237950175e+00
8.615083169770322513e+00
1.275811396177207335e+01
1.945799902385703106e+01
9.592768690561179312e+01
9.999937122786521115e+01
1.084480837358631788e+02
1.173025171639000348e+02
1.412029176187174357e+02
1.676042658564498709e+02
9.155498081609913186e+01
9.552739994506376320e+01
1.037783533032758498e+02
1.124360385936002018e+02
1.358488584749977122e+02
1.617685030346260362e+02
8.656357916874425484e+01
9.041717379783972319e+01
9.843136344651136938e+01
1.068534458797888220e+02
1.296821865740577948e+02
1.550245112764786768e+02
8.147478020527903197e+01
8.520164650480809598e+01
9.296328225333465411e+01
1.011339966474943708e+02
1.233393627726836286e+02
1.480652504457138434e+02
7.649346257918374192e+01
8.009058851560092762e+01
8.759362749641832124e+01
9.550690829853427033e+01
1.170736483921595408e+02
1.411677511052434681e+02
7.147512137776227803e+01
7.493634484869293999e+01
8.216848745231560258e+01
8.981206633730838007e+01
1.107096477925655620e+02
1.341416320223030425e+02
6.611859816535479695e+01
6.942324109504957619e+01
7.634311230893821687e+01
8.367559150008237623e+01
1.038004405630193361e+02
1.264666511419883932e+02
5.970307312965508117e+01
6.280665248978190363e+01
6.932545666420979558e+01
7.625826495371775593e+01
9.538991097624379734e+01
1.170712019875313672e+02
9.202818145180174270e+01
9.601182134620371755e+01
1.042849786605581386e+02
1.129646758307782193e+02
1.364319813361040588e+02
1.624054600203589587e+02
8.721253488272917309e+01
9.108290500803934719e+01
9.912968163600504568e+01
1.075837442973001288e+02
1.304913397815952862e+02
1.559115245285230458e+02
8.199527376264005341e+01
8.574013739785458199e+01
9.353317997277957829e+01
1.017327772463961821e+02
1.240075235485195009e+02
1.488016120948441881e+02
7.679967559384860465e+01
8.042799820613680595e+01
8.797022935984907122e+01
9.591023797582212751e+01
1.175315621295012392e+02
1.416773900458719595e+02
7.101345136026586147e+01
7.457129545537455328e+01
8.188442064883818716e+01
8.954864033120442457e+01
1.104398680029885895e+02
1.338541623478421343e+02
6.318902730610494700e+01
6.688143206055214307e+01
7.410002868704491163e+01
8.147020839424526173e+01
1.014368663307486713e+02
1.238971869654561715e+02
4.983387361106444757e+01
5.416151286062333980e+01
6.164672443200214502e+01
6.868033664052262566e+01
8.719444373650017610e+01
1.080931023610307733e+02
2.945644323360181005e+01
3.440012776857837196e+01
4.207167406722051339e+01
4.844037834681519428e+01
6.428613511185751861e+01
8.233430652488539181e+01
8.000989318766053771e+01
8.468235098224121771e+01
9.334306770623659588e+01
1.018598719979108580e+02
1.243870974563635485e+02
1.493249833216889044e+02
7.037617751747268358e+01
7.551278449864649644e+01
8.442216104284761968e+01
9.277345675007505577e+01
1.144639074136887160e+02
1.384883123336829556e+02
5.844550852610327496e+01
6.415825852425665232e+01
7.342403293275437193e+01
8.158487275597710209e+01
1.022007381880070227e+02
1.250383053175036991e+02
4.478693464705227711e+01
5.094063401150025072e+01
6.045503967797993283e+01
6.831635496320849654e+01
8.751152215979639948e+01
1.088000571431461907e+02
3.092083780553647543e+01
3.705523308120557857e+01
4.636557434767613017e+01
5.368172125100822001e+01
7.098739388146077545e+01
9.028867014598041862e+01
1.904794452142894556e+01
2.453188916702309186e+01
3.295569317845247070e+01
3.939615376916366785e+01
5.433744811555888532e+01
7.125537740639842355e+01
1.082018857030828407e+01
1.508888149966673708e+01
2.197189600252006159e+01
2.723449733138388495e+01
3.946842894487814135e+01
5.375499946708101362e+01
6.702440550568797839e+00
9.397714934892073657e+00
1.430084322194350754e+01
1.819739668583796899e+01
2.758078751191904132e+01
3.916375450018395554e+01
2.167455455984781310e+01
2.807385635800139667e+01
3.787541813520753919e+01
4.521835946559748010e+01
6.171953061128898099e+01
8.002131573424054523e+01
1.622780981023219482e+01
2.195613374683233232e+01
3.089675525637291997e+01
3.759224959497203145e+01
5.263154459413667752e+01
6.951904142412500676e+01
1.200265283399238037e+01
1.697381425550441492e+01
2.494799510527520070e+01
3.095249286649172404e+01
4.450581806165226340e+01
5.997521227389811571e+01
8.940768811163199103e+00
1.309760567049292312e+01
2.003313697576554375e+01
2.532024021020388460e+01
3.738824848036802706e+01
5.145537397279731806e+01
6.929897540228719954e+00
1.023619641925843915e+01
1.608487334639649191e+01
2.063933440824735044e+01
3.123433819757710950e+01
4.392168101735826724e+01
5.848190453257922528e+00
8.279106779193471155e+00
1.300616922858972480e+01
1.681797607085301749e+01
2.595275246216731091e+01
3.727871024663588173e+01
5.598814063490757498e+00
7.123959702577629116e+00
1.068782826012345133e+01
1.374057566231645922e+01
2.140783623228461963e+01
3.136760382724861174e+01
6.163189918589695893e+00
6.725081893770094688e+00
9.051175846179814855e+00
1.130747068853984061e+01
1.745483094662327872e+01
2.599648598698354718e+01
9.029725962674186590e+00
1.339192317618167216e+01
2.067764358421847248e+01
2.620658995186143159e+01
3.868466865574262670e+01
5.311104263541915316e+01
7.529299880731336714e+00
1.131067342116187646e+01
1.784612713987468169e+01
2.287032623194728842e+01
3.434465619831480865e+01
4.783523109312420729e+01
6.455963264461989759e+00
9.650749939081721962e+00
1.542782288520725054e+01
1.994699736763142894e+01
3.042971489310949806e+01
4.299847899112299388e+01
5.771902984890079580e+00
8.373317181036687984e+00
1.338255601558407193e+01
1.739494169823845482e+01
2.689316414223397089e+01
3.854829380389222138e+01
5.450706860009015386e+00
7.446500735637147983e+00
1.167138459342069545e+01
1.517022944341453083e+01
2.367980890966477148e+01
3.441788671552070866e+01
5.485522987464415579e+00
6.853050838914272802e+00
1.026391239322278359e+01
1.323397118036630893e+01
2.073331081068293358e+01
3.053343839952226801e+01
5.902614485853918680e+00
6.599509619977508734e+00
9.141875854402067958e+00
1.155258845295020542e+01
1.799041179357745790e+01
2.680241605881633760e+01
6.791854405864344635e+00
6.740507537530842086e+00
8.315921091301303747e+00
1.011051758691684199e+01
1.538636412060469993e+01
2.311138785834386411e+01
6.406827832644730769e+00
9.675633457095706547e+00
1.558967464394671687e+01
2.020770897602290361e+01
3.086081145437997719e+01
4.357996453431494643e+01
5.849439529491227141e+00
8.668999782699055245e+00
1.399765385236950266e+01
1.822897582311043152e+01
2.813462756173984403e+01
4.016193720533688349e+01
5.495599607490433414e+00
7.859142636802255666e+00
1.259355665110963329e+01
1.643446826236139202e+01
2.558989283100884293e+01
3.692292481592863140e+01
5.341280381083617357e+00
7.237293090477219693e+00
1.136257216771324075e+01
1.480547828116906572e+01
2.320004816173776518e+01
3.382862953612388424e+01
5.392558355203132869e+00
6.801762430673729654e+00
1.029302999254851159e+01
1.332401332598045585e+01
2.093482441068880817e+01
3.083683854721815010e+01
5.671426839621108051e+00
6.562653849334481038e+00
9.379897568034555988e+00
1.197569146589946776e+01
1.876206355693873817e+01
2.789809790742302198e+01
6.228704275602401808e+00
6.550683860468121011e+00
8.628449768705033662e+00
1.075037743689065906e+01
1.664282554116802260e+01
2.494538600468003153e+01
7.173094890339785756e+00
6.839462526422217081e+00
8.068286570270505109e+00
9.651649406754785332e+00
1.453269476126255455e+01
2.188701475200859292e+01
5.345496881421855306e+00
7.635707438067457886e+00
1.231002882673424814e+01
1.612171253787049707e+01
2.521000183498676250e+01
3.647677293679434030e+01
5.251904128960702245e+00
7.215202818413469998e+00
1.146043903744264192e+01
1.499148319903602022e+01
2.354599832795540948e+01
3.431963404588565680e+01
5.255623907663023786e+00
6.878628345309963699e+00
1.067764452484600390e+01
1.391793428827261359e+01
2.192082141850293553e+01
3.218425574857111116e+01
5.367527072626712581e+00
6.631617532891602274e+00
9.960564297861315808e+00
1.289582589319423001e+01
2.032142547657208098e+01
3.005009981354111304e+01
5.606858249221697399e+00
6.485606764644155753e+00
9.310592270754272093e+00
1.192035339950027506e+01
1.873142940075454632e+01
2.788965653070719597e+01
6.006738821116945459e+00
6.461932761871448605e+00
8.734022648086630980e+00
1.098864637056130000e+01
1.713094635949745737e+01
2.566658843485447505e+01
6.626850954836482011e+00
6.600694424100009172e+00
8.246103862875946433e+00
1.010101281400926432e+01
1.549270938380056784e+01
2.332680825697975635e+01
7.581800241628283032e+00
6.982019825562380433e+00
7.883616568749685527e+00
9.268679543314982894e+00
1.378112953342042424e+01
2.078866765561964769e+01
5.191195176229445707e+00
7.048233782607410625e+00
1.117074192709351088e+01
1.462706779955338021e+01
2.303610900001730499e+01
3.367383165144085666e+01
5.216765980802470892e+00
6.798165126105702782e+00
1.055791164970550078e+01
1.377782617372846197e+01
2.173950280899050824e+01
3.196372977066566534e+01
5.313778504240669776e+00
6.603429443282196054e+00
9.979739532031429050e+00
1.295061120804293076e+01
2.044179751519205368e+01
3.023053374495892598e+01
5.495706558427997379e+00
6.472321361990424293e+00
9.437873550728340888e+00
1.214297739240389618e+01
1.913293767141628621e+01
2.845690137608909964e+01
5.783982625803433919e+00
6.418610242931472420e+00
8.936233584900261206e+00
1.135279513633622628e+01
1.779956522501925775e+01
2.661868918057920652e+01
6.213464278100528482e+00
6.465524227987559769e+00
8.483198605563174510e+00
1.057942128263955262e+01
1.642435051064029494e+01
2.468244448744745867e+01
6.844950255866194766e+00
6.654551602383840248e+00
8.095738172238377217e+00
9.825106961787367865e+00
1.498244465285255167e+01
2.259696061196284589e+01
7.793241992421332753e+00
7.066306197168445102e+00
7.811445904752797986e+00
9.102095955856622567e+00
1.343971595465740343e+01
2.028248711315886510e+01
5.180980352973708847e+00
6.796454402769904313e+00
1.061056967760810110e+01
1.386911663186653954e+01
2.190226958473563101e+01
3.219193062716973230e+01
5.254407360576162311e+00
6.621445280039067960e+00
1.010818507542156475e+01
1.315379639444094728e+01
2.078497694331273493e+01
3.070287382683529742e+01
5.389097823209426430e+00
6.490362975393709988e+00
9.627428473002114018e+00
1.244633325305686178e+01
1.965010304997823454e+01
2.917210416530649297e+01
5.599215429136203959e+00
6.412233153972236366e+00
9.170731818867142948e+00
1.174510569286778505e+01
1.848850722492752752e+01
2.758328362506475173e+01
5.906719041169313122e+00
6.401431198422981694e+00
8.742726782100071148e+00
1.104877009448833292e+01
1.728777538946475190e+01
2.591336495730089595e+01
6.346815249152268024e+00
6.481616070695880083e+00
8.352326548561292086e+00
1.035728909687464849e+01
1.603133578792983727e+01
2.412980097645223410e+01
6.980358869710920011e+00
6.694474085754736237e+00
8.016873261041530085e+00
9.673398111961114765e+00
1.469504994843177137e+01
2.218231437882259272e+01
7.921740362421825665e+00
7.120363127503135381e+00
7.773878989529632300e+00
9.009362785357378556e+00
1.324502128236136400e+01
1.999160486453403252e+01
