 0.03999999910593033, 112, 108, 375, 386, 8, 19, 380.5610901248999, 13.709718681278769, 6.849214823085372, 6.354945524933832, -0.39249325470258967, 2.6581757068634033, 2.4775516986846924, -0.5044289231300354, 0.1465207040309906, 0.15791666507720947, 0.018098782747983932, 10.681720733642578, 10.864380836486816, 0.19364552199840546, 0.20350326597690582, 381, 14, 381, 14, 0
 0.03999999910593033, 146, 139, 653, 666, 17, 30, 659.777526813462, 23.219508109183067, 7.4659973429800175, 7.300946171490445, 0.015297921761245448, 2.7326550483703613, 2.7017662525177, 0.09164565056562424, 0.1339411586523056, 0.13696913421154022, -0.0005613029352389276, 24.049747467041016, 24.346160888671875, 0.43028053641319275, 0.4537603557109833, 660, 23, 660, 23, 0
 0.03999999910593033, 95, 93, 1103, 1113, 33, 43, 1108.1448309503585, 37.95088945611436, 5.628043670121269, 5.935867871077367, -0.03639467564596188, 2.43723464012146, 2.371455192565918, -1.4546968936920166, 0.17768867313861847, 0.16847404837608337, 0.0021789304446429014, 8.22070026397705, 8.39255428314209, 0.1649325042963028, 0.1735990047454834, 1108, 38, 1108, 38, 0
 0.03999999910593033, 104, 101, 1165, 1177, 35, 45, 1171.3669504124819, 39.64378186803978, 7.391494567650945, 5.381024488212116, -0.19846057378819992, 2.7222964763641357, 2.3155174255371094, -0.09746016561985016, 0.13542474806308746, 0.18602243065834045, 0.009989351034164429, 9.352070808410645, 9.52366828918457, 0.17305007576942444, 0.1817154884338379, 1172, 40, 1172, 40, 0
 0.03999999910593033, 103, 101, 827, 838, 45, 55, 832.5959629413146, 50.12189996191862, 6.026006847291512, 6.185411909517889, -0.10840102785878258, 2.4980506896972656, 2.4435958862304688, -1.1023972034454346, 0.16599971055984497, 0.16172170639038086, 0.005818380042910576, 10.430279731750488, 10.64245319366455, 0.20077869296073914, 0.21106155216693878, 833, 50, 833, 50, 0
 0.03999999910593033, 147, 140, 1426, 1439, 42, 55, 1432.2067225471117, 48.30047187732083, 7.609004802688574, 7.606246181164309, -0.3416203463446976, 2.819441080093384, 2.695552349090576, -0.7833793759346008, 0.13168877363204956, 0.13173653185367584, 0.01182911079376936, 21.390954971313477, 21.651411056518555, 0.37077096104621887, 0.3904576897621155, 1432, 48, 1432, 48, 0
 0.03999999910593033, 115, 112, 796, 806, 47, 59, 801.2515228127705, 53.00916259119041, 5.727550591276152, 7.279352655311925, 0.18858100479711126, 2.7022104263305664, 2.3885061740875244, 1.451583981513977, 0.17474375665187836, 0.1374921351671219, -0.00905392412096262, 13.48298168182373, 13.732070922851562, 0.2573722302913666, 0.27120015025138855, 801, 53, 801, 53, 0
 0.03999999910593033, 117, 115, 1526, 1537, 49, 61, 1531.5741460284667, 55.026271194896346, 6.62677137411492, 7.322911763119649, 0.47876645051513833, 2.75077486038208, 2.52644419670105, 1.0997118949890137, 0.15161921083927155, 0.1372057944536209, -0.01982549950480461, 10.982817649841309, 11.170045852661133, 0.18750043213367462, 0.19624552130699158, 1532, 55, 1532, 55, 0
 0.03999999910593033, 75, 72, 1702, 1711, 53, 61, 1706.6495848708255, 57.21065891660233, 5.259866258303546, 4.6014048906742495, 0.2935232410726627, 2.317695379257202, 2.1188578605651855, 0.3640614449977875, 0.1907981038093567, 0.21810132265090942, -0.024341989308595657, 5.317440032958984, 5.446251392364502, 0.11627785861492157, 0.12213284522294998, 1707, 57, 1707, 57, 0
 0.03999999910593033, 197, 190, 1355, 1369, 48, 64, 1361.8550053994138, 56.68053054106071, 8.303047300661198, 9.282674016994875, 0.34044618810169425, 3.0642075538635254, 2.8629274368286133, 1.2670973539352417, 0.12061909586191177, 0.107889823615551, -0.008847517892718315, 44.729339599609375, 45.04688262939453, 0.7373335957527161, 0.7770889401435852, 1362, 57, 1362, 57, 0
 0.03999999910593033, 51, 51, 1849, 1856, 59, 66, 1852.7080413450535, 62.20472516537782, 3.699407871701565, 3.5290426241963324, -0.15388082181014973, 1.9468204975128174, 1.8542762994766235, -0.5326111316680908, 0.2708047032356262, 0.2838778495788574, 0.023616405203938484, 2.791630268096924, 2.8728790283203125, 0.07481268048286438, 0.07812868803739548, 1853, 62, 1853, 62, 0
 0.03999999910593033, 134, 130, 1900, 1912, 57, 69, 1906.30206455948, 62.80136102373092, 7.529227245029716, 7.394080511575034, -0.47570643798985657, 2.8181796073913574, 2.64219069480896, -0.7148459553718567, 0.13335783779621124, 0.13579531013965607, 0.01715945079922676, 15.509398460388184, 15.727298736572266, 0.26005348563194275, 0.2730218768119812, 1907, 63, 1907, 63, 0
 0.03999999910593033, 99, 96, 1086, 1096, 66, 77, 1090.8580456001052, 71.38659741227008, 5.802092582678881, 6.52653204446549, -0.3141129561892839, 2.5775492191314697, 2.3842954635620117, -1.21360182762146, 0.17280185222625732, 0.15362100303173065, 0.016633428633213043, 8.081888198852539, 8.244441986083984, 0.15109187364578247, 0.15847913920879364, 1091, 72, 1091, 72, 0
 0.03999999910593033, 81, 81, 254, 263, 78, 87, 258.14178268058663, 82.61440901214415, 4.6611993725375775, 5.416467154347377, 0.20939026646962589, 2.3389384746551514, 2.146399974822998, 1.3176584243774414, 0.21491026878356934, 0.18494336307048798, -0.016616040840744972, 7.197705268859863, 7.389367580413818, 0.16094930469989777, 0.1697966307401657, 258, 83, 258, 83, 0
 0.03999999910593033, 64, 64, 687, 695, 82, 91, 690.8105193567608, 86.49604663880334, 3.8803090225191994, 4.742911059231442, -0.16463584552346333, 2.1847803592681885, 1.9621301889419556, -1.3884721994400024, 0.258091539144516, 0.21115195751190186, 0.01791773922741413, 4.131282329559326, 4.252490997314453, 0.10024284571409225, 0.10539914667606354, 691, 87, 691, 87, 0
 0.03999999910593033, 147, 147, 1218, 1232, 95, 108, 1225.0793965898888, 101.95130411800403, 13.012119761420117, 11.328797513111716, 5.871801784887516, 4.254676818847656, 2.497727394104004, 0.7142133116722107, 0.10031377524137497, 0.11521919071674347, -0.10398678481578827, 7.884673595428467, 7.969242572784424, 0.07067245244979858, 0.07178882509469986, 1226, 103, 1226, 103, 0
 0.03999999910593033, 85, 83, 525, 535, 100, 109, 529.6874047623609, 104.74583446388303, 5.462548143204842, 5.092871535219555, -0.15153826279590987, 2.348771333694458, 2.2447032928466797, -0.34336167573928833, 0.18321597576141357, 0.19651509821414948, 0.010903174057602882, 7.402144432067871, 7.587926387786865, 0.1571015566587448, 0.16518133878707886, 530, 105, 530, 105, 0
 0.03999999910593033, 87, 87, 733, 742, 100, 110, 737.8190532160439, 104.87665011202782, 4.862597834667021, 5.8764802536990395, 0.08472107098221215, 2.4255950450897217, 2.2035350799560547, 1.4880003929138184, 0.20570306479930878, 0.17021264135837555, -0.0059312316589057446, 7.5809454917907715, 7.76747465133667, 0.16184985637664795, 0.17052100598812103, 738, 105, 738, 105, 0
 0.03999999910593033, 56, 56, 1102, 1108, 102, 112, 1105.3156286399606, 106.96664126854994, 2.5125978170301817, 6.6095358865966745, -0.17800763242757967, 2.5724027156829834, 1.5826807022094727, -1.527456283569336, 0.39875528216362, 0.15158578753471375, 0.021478507667779922, 2.9458768367767334, 3.015430212020874, 0.06843212991952896, 0.070991151034832, 1105, 107, 1105, 107, 0
 0.03999999910593033, 68, 68, 2060, 2068, 141, 150, 2063.8577253218596, 145.39965571614505, 4.220859356517963, 4.730563933137002, 0.2012954717456097, 2.190998077392578, 2.037388324737549, 1.2365353107452393, 0.2374003380537033, 0.21182113885879517, -0.02020377106964588, 4.7483978271484375, 4.880843162536621, 0.11355866491794586, 0.11965255439281464, 2064, 145, 2064, 145, 0
 0.03999999910593033, 72, 72, 832, 840, 146, 155, 836.1004623171244, 150.14706353282645, 4.511614559828136, 4.75848659852857, 0.13466966446598505, 2.1949331760406494, 2.1100637912750244, 1.1563493013381958, 0.22183753550052643, 0.21032853424549103, -0.012556423433125019, 5.774340629577637, 5.9392266273498535, 0.13533426821231842, 0.14255064725875854, 836, 150, 836, 150, 0
 0.03999999910593033, 70, 70, 123, 131, 147, 156, 127.21742388634661, 151.5456584615227, 4.045537067057019, 5.092543099685393, -0.1348621392713909, 2.2604503631591797, 2.00709867477417, -1.4447300434112549, 0.24740438163280487, 0.19653905928134918, 0.013103662990033627, 5.21934175491333, 5.374703407287598, 0.12343822419643402, 0.13004153966903687, 127, 152, 127, 152, 0
 0.03999999910593033, 158, 152, 1221, 1234, 154, 167, 1227.1467042694492, 160.57908887295642, 7.326391688568059, 7.914312979645118, 0.11325009717674561, 2.8169796466827393, 2.7028374671936035, 1.3869304656982422, 0.13652303814888, 0.1263813078403473, -0.003907160833477974, 32.59555435180664, 32.97011184692383, 0.5739112496376038, 0.6048586368560791, 1227, 161, 1227, 161, 0
 0.03999999910593033, 215, 212, 1, 15, 158, 175, 7.872206784908578, 167.94867883065243, 8.72405441332949, 10.338508526110417, -0.2942184383345108, 3.2234230041503906, 2.9448442459106445, -1.3960381746292114, 0.11473572254180908, 0.09681867063045502, 0.0065304129384458065, 53.02511978149414, 53.38750457763672, 0.8192022442817688, 0.8605778813362122, 8, 168, 8, 168, 0
 0.03999999910593033, 158, 154, 1853, 1866, 204, 218, 1859.4293039827658, 211.3651947655794, 7.202842832972564, 8.560401846500433, -0.2453024479253969, 2.933149576187134, 2.675794839859009, -1.397404670715332, 0.13896968960762024, 0.11693105846643448, 0.007964487187564373, 28.72540855407715, 29.069839477539062, 0.4783363938331604, 0.5024604201316833, 1859, 212, 1859, 212, 0
 0.03999999910593033, 55, 55, 1424, 1431, 215, 223, 1427.3057334644884, 219.19573469554854, 3.4353911885068307, 4.508236216937426, 0.7094783006134779, 2.2048256397247314, 1.7556681632995605, 1.109088659286499, 0.30086609721183777, 0.2292676419019699, -0.09469687938690186, 3.092777967453003, 3.1825406551361084, 0.0778827890753746, 0.08152693510055542, 1427, 220, 1427, 220, 0
 0.03999999910593033, 106, 104, 1013, 1021, 210, 224, 1017.1892446892757, 217.51911446831195, 4.407679754655316, 10.577176442734697, -0.04595927935385902, 3.252309799194336, 2.0993659496307373, -1.5633474588394165, 0.22688701748847961, 0.09454747289419174, 0.001971710240468383, 7.968480587005615, 8.13641357421875, 0.131556436419487, 0.1374674290418625, 1017, 219, 1017, 219, 0
 0.03999999910593033, 69, 69, 283, 291, 223, 232, 287.0632618349076, 227.6343635026368, 4.3357198635031295, 4.775969926828761, 0.10253625722982562, 2.19058895111084, 2.0767788887023926, 1.352834939956665, 0.2307593673467636, 0.2094879150390625, -0.00990843866020441, 4.725982666015625, 4.858493328094482, 0.11015376448631287, 0.11579346656799316, 287, 228, 287, 228, 0
 0.03999999910593033, 520, 510, 1308, 1334, 206, 234, 1322.1600072151887, 220.50666167645224, 18.893199059091245, 43.258626182007475, -0.6744283498612447, 6.57854700088501, 4.344484329223633, -1.5431448221206665, 0.052958570420742035, 0.023129649460315704, 0.0016513128066435456, 76.14636993408203, 76.435546875, 0.5427082180976868, 0.5694059729576111, 1322, 227, 1322, 227, 0
 0.03999999910593033, 60, 60, 455, 464, 235, 242, 459.19337280846435, 238.6073406246316, 5.428264436950904, 3.7002956018599225, -0.37399020491798574, 2.3464303016662598, 1.9033719301223755, -0.20425750315189362, 0.1855127513408661, 0.27214372158050537, 0.03749968111515045, 2.94057035446167, 2.9909470081329346, 0.05941377207636833, 0.0607498399913311, 459, 239, 459, 239, 0
 0.03999999910593033, 70, 70, 1731, 1737, 233, 244, 1734.1838795218111, 238.72839130519858, 2.8689653945235225, 8.98952339494528, 0.4915386433084272, 3.0047874450683594, 1.6821836233139038, 1.4911669492721558, 0.3518539369106293, 0.1122925728559494, -0.03847808018326759, 3.77262282371521, 3.8625259399414062, 0.06942220777273178, 0.07156115770339966, 1734, 239, 1734, 240, 0
 0.03999999910593033, 71, 71, 1198, 1206, 241, 251, 1202.0535027536534, 246.05002429829884, 4.1304896001878255, 5.089796521418087, -0.13940446881371926, 2.2604520320892334, 2.0274717807769775, -1.4293744564056396, 0.2423260509967804, 0.19665329158306122, 0.01327413972467184, 5.584861755371094, 5.752465724945068, 0.13211025297641754, 0.13909469544887543, 1202, 246, 1202, 246, 0
 0.03999999910593033, 81, 81, 138, 147, 246, 255, 142.68759349587066, 250.68433691359337, 5.1596072420167935, 5.138021829671686, 0.08092438460539242, 2.2870190143585205, 2.2510383129119873, 0.7191054821014404, 0.19386109709739685, 0.1946755200624466, -0.0061066653579473495, 6.458065986633301, 6.619343280792236, 0.13857294619083405, 0.14570873975753784, 143, 251, 143, 251, 0
 0.03999999910593033, 87, 86, 340, 349, 253, 263, 344.279276159863, 258.2019853557473, 5.2205950141917405, 5.874166562010821, 0.04176405183784482, 2.4242162704467773, 2.28428053855896, 1.507239580154419, 0.19155994057655334, 0.17024660110473633, -0.0027238994371145964, 6.802993297576904, 6.94835901260376, 0.13601870834827423, 0.14268414676189423, 344, 258, 344, 258, 0
 0.03999999910593033, 104, 100, 833, 843, 265, 276, 838.1860971583492, 270.91211868326064, 5.7766572665923235, 6.397136007994881, 0.3096969170031052, 2.5544583797454834, 2.376664638519287, 1.178534746170044, 0.1735609620809555, 0.15672673285007477, -0.016804799437522888, 10.45217227935791, 10.657490730285645, 0.2066410630941391, 0.21783094108104706, 838, 271, 838, 271, 0
 0.03999999910593033, 86, 86, 645, 654, 297, 306, 649.5718498227382, 301.56514770949826, 5.338273197859383, 5.325836129248543, -0.15637218223560723, 2.3427655696868896, 2.2749855518341064, -0.7655248641967773, 0.18748775124549866, 0.1879255771636963, 0.011009677313268185, 7.650607585906982, 7.834955215454102, 0.16020992398262024, 0.16867531836032867, 650, 301, 650, 301, 0
 0.03999999910593033, 102, 102, 1251, 1260, 308, 320, 1255.6873790972581, 313.5614147641068, 6.0836298464878205, 9.229500677500223, 2.4616932191320764, 3.2523646354675293, 2.1760637760162354, 1.0696873664855957, 0.18426227569580078, 0.1214565709233284, -0.09829290211200714, 6.162858486175537, 6.266024589538574, 0.0882343053817749, 0.09085826575756073, 1256, 314, 1256, 314, 0
 0.03999999910593033, 82, 81, 1318, 1328, 311, 320, 1322.9917104558244, 315.5694376517809, 5.142612608881539, 5.088431444417157, -0.023103540861409755, 2.269609212875366, 2.2538671493530273, -0.353066086769104, 0.19445765018463135, 0.19652822613716125, 0.0017658331198617816, 6.67279052734375, 6.8356733322143555, 0.1472690999507904, 0.15544092655181885, 1323, 316, 1323, 316, 0
 0.03999999910593033, 165, 163, 836, 848, 313, 329, 842.185335363852, 321.7952177460228, 6.821902426211743, 12.494835140857376, 0.8478406194395376, 3.552300214767456, 2.5880300998687744, 1.4255692958831787, 0.14783337712287903, 0.08071374148130417, -0.020062552765011787, 20.190343856811523, 20.44611358642578, 0.2819158434867859, 0.2947711646556854, 842, 323, 842, 323, 0
 0.03999999910593033, 119, 118, 1229, 1240, 325, 337, 1234.0900375370043, 331.09426640202827, 6.360651317694462, 6.897407124941161, -0.05022141592280249, 2.627178192138672, 2.5211093425750732, -1.4783012866973877, 0.15722563862800598, 0.14499035477638245, 0.0022895834408700466, 14.621591567993164, 14.872485160827637, 0.2751968801021576, 0.2899879515171051, 1234, 331, 1234, 331, 0
 0.03999999910593033, 228, 224, 546, 560, 326, 345, 552.5985972906367, 335.8899404561438, 9.021895845434877, 13.58044588070534, 0.382317763822698, 3.689483404159546, 2.9983417987823486, 1.4877015352249146, 0.11097384244203568, 0.07372323423624039, -0.006248288322240114, 38.776329040527344, 39.03561782836914, 0.49050572514533997, 0.510947048664093, 552, 336, 552, 336, 0
 0.03999999910593033, 126, 124, 2065, 2076, 345, 357, 2070.286575827123, 351.0033541822525, 6.612439086320144, 7.455997666626622, 0.21029134215116585, 2.739619493484497, 2.5618200302124023, 1.3395402431488037, 0.15136589109897614, 0.13424062728881836, -0.008538343943655491, 15.20470142364502, 15.440986633300781, 0.2706151604652405, 0.2845335602760315, 2070, 351, 2070, 351, 0
 0.03999999910593033, 78, 78, 1457, 1466, 354, 363, 1461.9182861586266, 358.67367837489195, 4.994361534658694, 5.043299370668731, 0.041161704647009856, 2.25093674659729, 2.2295615673065186, 1.053565502166748, 0.20023925602436066, 0.19829623401165009, -0.0032685704063624144, 5.832021713256836, 5.972570419311523, 0.1276359260082245, 0.13431641459465027, 1462, 359, 1462, 359, 0
 0.03999999910593033, 125, 122, 11, 22, 370, 382, 16.236667614518307, 375.88971891206455, 6.486299098914074, 7.685285960739165, 0.13826595611403647, 2.775071859359741, 2.543729782104492, 1.4574592113494873, 0.1542302668094635, 0.13016869127750397, -0.005549512803554535, 13.667195320129395, 13.865001678466797, 0.2437734454870224, 0.2567000389099121, 16, 376, 16, 376, 0
 0.03999999910593033, 217, 216, 109, 122, 377, 399, 115.44341899978212, 386.6720365533081, 9.891357811800162, 25.562298069047984, 4.136901664602902, 5.156290531158447, 2.9776370525360107, 1.3279097080230713, 0.10843801498413086, 0.041960202157497406, -0.0350983627140522, 12.6535062789917, 12.739424705505371, 0.09693843126296997, 0.09910743683576584, 115, 386, 115, 386, 0
 0.03999999910593033, 85, 85, 1047, 1057, 395, 404, 1052.4825640700933, 399.4705306867763, 6.364021214046701, 5.72768708645161, -0.26061923505568885, 2.5410895347595215, 2.373725414276123, -0.34314772486686707, 0.15742669999599457, 0.17491647601127625, 0.014326350763440132, 4.722400665283203, 4.795470237731934, 0.07716710865497589, 0.07948575913906097, 1053, 400, 1053, 400, 0
 0.03999999910593033, 3396, 3387, 1734, 1820, 313, 410, 1775.9652790887565, 364.66153420074, 24.09259345066721, 29.483689533847155, -0.6234477133602923, 5.436437129974365, 4.9011664390563965, -1.4571506977081299, 0.04152925685048103, 0.03393562510609627, 0.0017563147703185678, 4932.3642578125, 4932.67333984375, 59.05089569091797, 61.65460205078125, 1776, 365, 1776, 365, 0
 0.03999999910593033, 290, 289, 528, 546, 430, 448, 536.8779411091487, 439.2683591691945, 19.713355578833415, 21.83858922066308, -0.9974736764561953, 4.715230941772461, 4.3952860832214355, -1.1939027309417725, 0.05084453895688057, 0.04589657485485077, 0.00464463047683239, 16.779651641845703, 16.87836456298828, 0.07778614014387131, 0.07825583964586258, 535, 439, 535, 439, 0
 0.03999999910593033, 222, 216, 1378, 1393, 431, 448, 1385.6929020841335, 439.72158082286916, 9.077692002097805, 10.344193931358461, 0.24039469470605468, 3.2230868339538574, 3.005594491958618, 1.389388918876648, 0.11022799462080002, 0.09673211723566055, -0.0051233042031526566, 47.21118927001953, 47.44139099121094, 0.7229896783828735, 0.7605432271957397, 1386, 440, 1386, 440, 0
 0.03999999910593033, 59, 59, 816, 824, 469, 476, 820.0596591625078, 472.5506766120179, 4.814900822154325, 4.038664812597839, 0.3904847745239586, 2.2309954166412354, 1.9688130617141724, 0.39421895146369934, 0.2093299925327301, 0.24956347048282623, -0.04047881066799164, 2.8521947860717773, 2.8939476013183594, 0.05931137874722481, 0.061072707176208496, 821, 473, 821, 473, 0
 0.03999999910593033, 118, 113, 110, 122, 470, 481, 116.37308212723985, 475.57368545354393, 7.684413430448032, 6.54037724389643, -0.1267931277526131, 2.774580478668213, 2.5547001361846924, -0.10906622558832169, 0.13017518818378448, 0.15294530987739563, 0.005047207232564688, 10.140652656555176, 10.294256210327148, 0.17351678013801575, 0.18215063214302063, 117, 476, 117, 476, 0
 0.03999999910593033, 283, 273, 1481, 1498, 466, 487, 1489.9464914931373, 477.84885001029363, 10.439104412122063, 12.805367415421813, -0.033649564827172185, 3.5785255432128906, 3.230886220932007, -1.55657958984375, 0.09579446911811829, 0.07809291779994965, 0.0005034517380408943, 70.62361145019531, 70.87749481201172, 0.9574065804481506, 1.0025569200515747, 1490, 478, 1490, 478, 0
 0.03999999910593033, 69, 69, 1920, 1930, 486, 496, 1924.6595155714426, 490.76141584946066, 6.97586369589941, 7.786136932499787, 4.971111650429346, 3.5169010162353516, 1.547063946723938, 0.8260573744773865, 0.26301780343055725, 0.2356465607881546, -0.3358509838581085, 3.037003993988037, 3.067220449447632, 0.049164578318595886, 0.049851465970277786, 1924, 490, 1924, 490, 0
 0.03999999910593033, 52, 52, 231, 238, 494, 502, 234.71957544578788, 498.06609027976276, 3.2750970095401293, 4.213061266855359, -0.1799207366104163, 2.0606770515441895, 1.800491213798523, -1.387634038925171, 0.30605247616767883, 0.2379152625799179, 0.026140226051211357, 2.868481397628784, 2.9494056701660156, 0.0751129537820816, 0.0783715695142746, 235, 498, 235, 498, 0
 0.03999999910593033, 80, 80, 724, 734, 494, 503, 728.9450550073427, 498.6047163110361, 5.160487861182144, 5.248980791286876, 0.16494309435603327, 2.318514347076416, 2.2436487674713135, 0.9164395332336426, 0.19397495687007904, 0.19070471823215485, -0.012190872803330421, 5.9590864181518555, 6.096591472625732, 0.12412986904382706, 0.1301788091659546, 729, 499, 729, 499, 0
 0.03999999910593033, 177, 176, 1422, 1435, 493, 512, 1428.5924222719298, 503.1281048092821, 11.21602199809358, 23.19181820264791, 8.991182673789538, 5.292119026184082, 2.5300819873809814, 1.0791597366333008, 0.12936189770698547, 0.06256197392940521, -0.10030403733253479, 9.112153053283691, 9.194408416748047, 0.06792625039815903, 0.0693080946803093, 1431, 507, 1431, 507, 0
 0.03999999910593033, 79, 76, 334, 343, 517, 526, 338.85034116771334, 521.6336838388602, 4.92319605723322, 5.281755320143624, 0.10254751349830826, 2.3041293621063232, 2.212677001953125, 1.3110088109970093, 0.2032022625207901, 0.1894076019525528, -0.007890515960752964, 5.900129795074463, 6.036282062530518, 0.1271059513092041, 0.1337398737668991, 339, 522, 339, 522, 0
 0.03999999910593033, 144, 140, 1864, 1877, 519, 532, 1870.725877983418, 525.6252948756919, 7.33304418291705, 7.705183949428104, -0.11063093245608258, 2.781292676925659, 2.7023396492004395, -1.302588939666748, 0.1363985538482666, 0.1298108696937561, 0.003916817717254162, 20.14384651184082, 20.3886661529541, 0.35142049193382263, 0.3702441155910492, 1871, 526, 1871, 526, 0
 0.03999999910593033, 71, 71, 1412, 1420, 526, 534, 1416.1507075827863, 530.0625479306283, 4.668627970152286, 4.707603329088293, 0.22424825547014748, 2.216575860977173, 2.112586736679077, 0.8287404179573059, 0.21468691527843475, 0.21290946006774902, -0.02045336551964283, 5.091992378234863, 5.2232465744018555, 0.11553556472063065, 0.12138231843709946, 1416, 530, 1416, 530, 0
 0.03999999910593033, 155, 150, 17, 30, 524, 537, 23.053554886734126, 530.709435252105, 7.718705053534158, 8.290717313474957, 0.24902234818544144, 2.895502805709839, 2.7614283561706543, 1.2126047611236572, 0.1296810805797577, 0.1207338199019432, -0.0077902753837406635, 24.187053680419922, 24.463953018188477, 0.39960572123527527, 0.41979628801345825, 23, 531, 23, 531, 0
 0.03999999910593033, 90, 89, 1767, 1779, 536, 545, 1773.7058147386458, 540.2223620995551, 8.044214906462983, 4.767405957774553, 0.7218745324665825, 2.8628995418548584, 2.1483545303344727, 0.2075030654668808, 0.12602537870407104, 0.21264714002609253, -0.03816520422697067, 5.784202575683594, 5.894079208374023, 0.10615286231040955, 0.11115488409996033, 1775, 540, 1775, 540, 0
 0.03999999910593033, 108, 108, 457, 467, 540, 551, 461.82578117444814, 545.7144398758392, 6.021416944517593, 6.877927547337968, -0.013756871421339412, 2.622622489929199, 2.453812599182129, -1.554740309715271, 0.16607463359832764, 0.14539329707622528, 0.0006643476081080735, 10.561712265014648, 10.753568649291992, 0.19514280557632446, 0.2050241380929947, 462, 546, 462, 546, 0
 0.03999999910593033, 61, 61, 499, 507, 547, 555, 503.0152789203866, 550.5922601097234, 4.303529383655693, 3.9291209039382817, -0.028458471668717067, 2.0750133991241455, 1.9816584587097168, -0.07543163001537323, 0.2323785424232483, 0.25452205538749695, 0.003366217715665698, 3.9852190017700195, 4.097134590148926, 0.09990859031677246, 0.10515056550502777, 503, 551, 503, 551, 0
 0.03999999910593033, 117, 113, 2071, 2082, 564, 576, 2076.72912787432, 570.1091223347195, 6.574364916670596, 6.823960755696419, 0.22867733415704805, 2.63811993598938, 2.5374491214752197, 1.0351808071136475, 0.1522834450006485, 0.1467134654521942, -0.010206323117017746, 12.90283489227295, 13.124327659606934, 0.23534411191940308, 0.2473333179950714, 2077, 570, 2077, 570, 0
 0.03999999910593033, 128, 125, 1105, 1115, 570, 583, 1110.2901560203813, 576.4910677021949, 5.939626854773181, 10.610528051976239, 0.6492061362708981, 3.2709450721740723, 2.4188990592956543, 1.4352295398712158, 0.16949425637722015, 0.09488053619861603, -0.020741043612360954, 11.130183219909668, 11.311652183532715, 0.16072475910186768, 0.16690270602703094, 1110, 576, 1110, 576, 0
 0.03999999910593033, 134, 130, 20, 32, 576, 588, 26.077519912135433, 582.4853014925898, 7.622029000434864, 7.383642144560689, -0.15053787148068665, 2.773958921432495, 2.7038533687591553, -0.45054271817207336, 0.1312515139579773, 0.1354890763759613, 0.005351917818188667, 14.96887493133545, 15.176466941833496, 0.25208356976509094, 0.26471877098083496, 26, 583, 26, 583, 0
 0.03999999910593033, 124, 121, 186, 198, 620, 631, 191.84774370544687, 625.8927592081379, 7.599447010608181, 6.9814034978231305, 0.2345964988327509, 2.770993947982788, 2.6272501945495605, 0.32466840744018555, 0.13172516226768494, 0.14338640868663788, -0.008852736093103886, 11.792865753173828, 11.957063674926758, 0.20037969946861267, 0.21043597161769867, 192, 626, 192, 626, 0
 0.03999999910593033, 120, 118, 50, 61, 623, 635, 55.80310249996352, 629.2233934354841, 6.49872651141407, 7.723232725884628, 0.28232970990220707, 2.790195941925049, 2.5370781421661377, 1.3547598123550415, 0.15412107110023499, 0.1296854168176651, -0.011268068104982376, 11.798356056213379, 11.990209579467773, 0.19950607419013977, 0.2090129256248474, 56, 629, 56, 630, 0
 0.03999999910593033, 70, 70, 1367, 1375, 626, 635, 1371.0700921144344, 630.5812828955675, 4.469607867923131, 5.505475902836263, -0.24454846119113682, 2.358030319213867, 2.101137161254883, -1.350231409072876, 0.22427834570407867, 0.18207985162734985, 0.019924499094486237, 3.9183104038238525, 3.9942867755889893, 0.07684744149446487, 0.07947805523872375, 1371, 630, 1371, 630, 0
 0.03999999910593033, 62, 62, 341, 349, 635, 643, 345.074546770259, 639.0285074359625, 4.169411558416563, 4.369035371464523, 0.5353994111132714, 2.1940481662750244, 1.9299222230911255, 0.87755286693573, 0.24367649853229523, 0.23254278302192688, -0.05972222611308098, 3.7313008308410645, 3.8327300548553467, 0.08999758958816528, 0.0943552628159523, 345, 639, 345, 639, 0
 0.03999999910593033, 75, 75, 1916, 1924, 634, 643, 1919.9488483201649, 638.5178763481082, 4.278708149690143, 5.3917510664510075, -0.3141915062398546, 2.3397257328033447, 2.0484488010406494, -1.3138186931610107, 0.23471978306770325, 0.18626554310321808, 0.027355477213859558, 5.798142433166504, 5.954174518585205, 0.13295626640319824, 0.1403183490037918, 1920, 639, 1920, 639, 0
 0.03999999910593033, 54, 54, 1638, 1646, 646, 653, 1641.742510159756, 649.735535766897, 4.066980468953311, 3.5821607574557177, 0.1377803629191785, 2.0256850719451904, 1.8830138444900513, 0.2584215998649597, 0.2462034821510315, 0.2795253396034241, -0.018939409404993057, 3.0273404121398926, 3.1045303344726562, 0.07793156802654266, 0.0815609022974968, 1642, 650, 1642, 650, 0
 0.03999999910593033, 52, 52, 1850, 1857, 651, 658, 1853.2183404536063, 654.6246938919899, 3.7604278253278682, 4.161176024790544, -0.28623135981616166, 2.076101779937744, 1.9003697633743286, -1.0907753705978394, 0.26732686161994934, 0.24158154428005219, 0.03677678108215332, 2.3677427768707275, 2.398437738418579, 0.05200847610831261, 0.052970726042985916, 1853, 655, 1853, 655, 0
 0.03999999910593033, 133, 132, 1015, 1028, 651, 662, 1020.6884823265286, 656.7583006115836, 8.498832034844497, 6.894217136725338, 0.44072347240622634, 2.9346060752868652, 2.6040616035461426, 0.25116047263145447, 0.1180545836687088, 0.1455315500497818, -0.01509364228695631, 14.4913330078125, 14.698831558227539, 0.24099671840667725, 0.253298819065094, 1020, 657, 1020, 657, 0
 0.03999999910593033, 109, 106, 713, 723, 651, 663, 717.7514055301667, 657.0785290252584, 6.244259822700883, 7.1692948142081505, -0.2675506563121104, 2.690930128097534, 2.4844415187835693, -1.3085787296295166, 0.16040357947349548, 0.13970713317394257, 0.01197219081223011, 9.442900657653809, 9.608888626098633, 0.16341562569141388, 0.1708759069442749, 718, 657, 718, 657, 0
 0.03999999910593033, 131, 130, 862, 874, 684, 696, 867.9671029861246, 690.31194369685, 8.036426978312356, 7.809235950051729, -0.17632259514680015, 2.8517675399780273, 2.7772440910339355, -0.499237596988678, 0.12449508160352707, 0.12811696529388428, 0.005621880758553743, 11.313220024108887, 11.466829299926758, 0.1694580465555191, 0.1764860898256302, 868, 690, 868, 690, 0
 0.03999999910593033, 66, 66, 360, 368, 703, 712, 363.6835193214407, 707.8907025630525, 4.105722548783101, 4.891965968800502, 0.19826343927413603, 2.2224156856536865, 2.0145859718322754, 1.3372431993484497, 0.2440401017665863, 0.20481763780117035, -0.019781097769737244, 4.283290863037109, 4.395747184753418, 0.09923985600471497, 0.10401733219623566, 364, 708, 364, 708, 0
 0.03999999910593033, 85, 84, 1067, 1076, 702, 712, 1071.516828963211, 706.7028506048769, 5.310329691794067, 5.926340872034487, 0.25187748613371497, 2.4527976512908936, 2.2848312854766846, 1.2280551195144653, 0.1886926144361496, 0.1690790355205536, -0.016039380803704262, 5.794327735900879, 5.905702590942383, 0.1115933209657669, 0.1168229952454567, 1071, 707, 1071, 707, 0
 0.03999999910593033, 104, 103, 1872, 1882, 719, 730, 1877.1483085656478, 724.5987026482684, 5.874583087569249, 6.733591605830348, -0.002794581334640611, 2.5949182510375977, 2.4237520694732666, -1.5675431489944458, 0.1702248752117157, 0.1485091894865036, 0.00014129377086646855, 9.298840522766113, 9.475666046142578, 0.1732771247625351, 0.1819625347852707, 1877, 725, 1877, 725, 0
 0.03999999910593033, 89, 88, 2004, 2014, 725, 734, 2009.0291740956877, 729.3857340286522, 5.98187189887469, 5.273616546078689, -0.09868957222780494, 2.4485437870025635, 2.2934956550598145, -0.1358937919139862, 0.16722337901592255, 0.1896817535161972, 0.006258780136704445, 7.223335266113281, 7.375670433044434, 0.1435364931821823, 0.15066365897655487, 2009, 729, 2009, 729, 0
 0.03999999910593033, 137, 135, 1548, 1560, 724, 737, 1554.0102673979031, 730.5410447523167, 6.991423149418452, 7.596253698053161, -0.005521595813434033, 2.7561392784118652, 2.644120454788208, -1.5616681575775146, 0.1430324763059616, 0.13164392113685608, 0.00020793605654034764, 18.659374237060547, 18.910554885864258, 0.3288288414478302, 0.34628766775131226, 1554, 730, 1554, 730, 0
 0.03999999910593033, 79, 78, 496, 506, 731, 740, 500.9147967789919, 735.7415374992466, 5.312272031858193, 5.380859394912022, 0.4575586598535146, 2.4094414710998535, 2.210819721221924, 0.8228028416633606, 0.18963228166103363, 0.18721511960029602, -0.03225057199597359, 5.158936500549316, 5.263348579406738, 0.10222846269607544, 0.1067531630396843, 501, 736, 501, 736, 0
 0.03999999910593033, 110, 106, 430, 440, 748, 759, 435.0235664019918, 753.9061289414726, 6.121971619991342, 6.868818647112526, 0.00043043050627389334, 2.6208431720733643, 2.47426176071167, 1.5702199935913086, 0.163346067070961, 0.14558544754981995, -2.0471972675295547e-05, 10.318865776062012, 10.494397163391113, 0.19278579950332642, 0.20294533669948578, 435, 754, 435, 754, 0
 0.03999999910593033, 64, 63, 332, 340, 794, 802, 335.9220208044707, 797.7468493911655, 4.188093225368791, 4.272759402793756, -0.12902699410381224, 2.089550256729126, 2.02351975440979, -0.9439124464988708, 0.23899449408054352, 0.2342587262392044, 0.01443411037325859, 4.390776634216309, 4.518868446350098, 0.10971678048372269, 0.11572801321744919, 336, 798, 336, 798, 0
 0.03999999910593033, 75, 75, 1904, 1912, 833, 843, 1907.7417079585528, 837.9962795448665, 4.173021784152496, 6.158688470305169, -0.8149896075987044, 2.5397539138793945, 1.9701168537139893, -1.2271267175674438, 0.2459920048713684, 0.1666799634695053, 0.06510507315397263, 5.161524295806885, 5.297008991241455, 0.10748706758022308, 0.1121949702501297, 1908, 838, 1908, 838, 0
 0.03999999910593033, 88, 88, 1668, 1676, 836, 849, 1672.0723341922019, 842.5982189494102, 4.222991218825705, 10.57360449164075, -0.6080789335996712, 3.260568141937256, 2.0409045219421387, -1.4761905670166016, 0.23877625167369843, 0.09536483138799667, 0.027463635429739952, 4.112030982971191, 4.154218673706055, 0.05475803464651108, 0.05548259988427162, 1672, 843, 1672, 843, 0
 0.03999999910593033, 178, 177, 1166, 1178, 855, 871, 1172.1379626348687, 862.6776967688569, 9.29244171609075, 15.493291361696024, 1.3466322911112343, 3.9715375900268555, 3.002102851867676, 1.3659197092056274, 0.10898711532354355, 0.06536741554737091, -0.018945693969726562, 11.533982276916504, 11.639450073242188, 0.1042298674583435, 0.10647264868021011, 1172, 863, 1172, 863, 0
 0.03999999910593033, 89, 88, 2082, 2092, 887, 896, 2086.711018384593, 891.5512854380253, 5.591410190805892, 5.345551989204971, -0.08345028124076848, 2.3700337409973145, 2.3064913749694824, -0.29819455742836, 0.17888744175434113, 0.18711501359939575, 0.005585281644016504, 7.842055320739746, 8.020879745483398, 0.16392715275287628, 0.17283722758293152, 2087, 892, 2087, 892, 0
 0.03999999910593033, 104, 103, 1190, 1200, 893, 904, 1195.140003489176, 898.2871036676501, 5.941533942974782, 6.596971418848607, -0.49161681581327343, 2.6191771030426025, 2.3829429149627686, -1.0793813467025757, 0.16935093700885773, 0.15252520143985748, 0.02524060383439064, 9.472244262695312, 9.652059555053711, 0.17810918390750885, 0.18710628151893616, 1195, 898, 1195, 898, 0
 0.03999999910593033, 99, 97, 1555, 1565, 895, 906, 1559.926463506202, 900.6063261369809, 5.73384264376234, 6.122614010529016, 0.3518043682367491, 2.515981674194336, 2.350806951522827, 1.0377933979034424, 0.17502014338970184, 0.1639067828655243, -0.020113255828619003, 9.467955589294434, 9.667311668395996, 0.18692772090435028, 0.19670352339744568, 1560, 901, 1560, 901, 0
 0.03999999910593033, 61, 61, 1361, 1369, 916, 924, 1364.882836753516, 920.3207397318857, 3.9798686207310077, 4.343370527554292, -0.029390392479719196, 2.084641933441162, 1.9943690299987793, -1.4906367063522339, 0.2512771189212799, 0.23024745285511017, 0.0034006463829427958, 4.033328533172607, 4.1468024253845215, 0.09921573847532272, 0.10413922369480133, 1365, 920, 1365, 920, 0
 0.03999999910593033, 72, 72, 1051, 1059, 919, 928, 1055.012702957737, 923.8826179045033, 4.403535983479411, 5.2251330098923106, -0.012717613766824343, 2.285897970199585, 2.0984134674072266, -1.5553221702575684, 0.22709181904792786, 0.19138403236865997, 0.0011054517235606909, 4.948586463928223, 5.069297790527344, 0.10939547419548035, 0.11476616561412811, 1055, 924, 1055, 924, 0
 0.03999999910593033, 102, 101, 763, 773, 925, 936, 767.7920431750795, 931.1400228315707, 6.311975944047877, 7.316800431647955, -0.5007195665894422, 2.742938280105591, 2.4708430767059326, -1.1789408922195435, 0.1592937707901001, 0.1374177783727646, 0.02180229127407074, 6.939815044403076, 7.054361820220947, 0.11273057013750076, 0.11737291514873505, 768, 932, 768, 932, 0
 0.03999999910593033, 57, 57, 1663, 1671, 936, 944, 1666.7765800475086, 940.3198348650338, 4.0584644600519635, 4.046240380605397, -0.16748362820118956, 2.054251194000244, 1.9709787368774414, -0.7671595811843872, 0.24682022631168365, 0.24756589531898499, 0.020432965829968452, 3.2264533042907715, 3.306260108947754, 0.07712194323539734, 0.08016762882471085, 1667, 940, 1667, 940, 0
 0.03999999910593033, 78, 78, 1558, 1567, 938, 947, 1562.2607428783676, 942.1685809450069, 5.520717940505818, 5.698276659652265, -0.3491098322113615, 2.443300724029541, 2.2911298274993896, -0.9099099636077881, 0.18184034526348114, 0.17617419362068176, 0.022281212732195854, 4.187036514282227, 4.250003814697266, 0.07409477978944778, 0.07670244574546814, 1562, 943, 1562, 943, 0
 0.03999999910593033, 343, 337, 255, 274, 928, 951, 264.89963282002583, 941.6230646238236, 11.048527021563572, 12.771393109462423, -0.008291651385860632, 3.573714256286621, 3.3239264488220215, -1.565983772277832, 0.09050984680652618, 0.07830002903938293, 0.00011752454884117469, 147.25296020507812, 147.5771484375, 2.0321266651153564, 2.1297881603240967, 265, 942, 265, 942, 0
 0.03999999910593033, 102, 100, 38, 48, 963, 973, 43.07494336612479, 968.0043143850953, 6.122595796378153, 6.234259451560497, -0.25234204265646554, 2.5370991230010986, 2.4331014156341553, -0.8942714929580688, 0.16360235214233398, 0.16067200899124146, 0.01324415486305952, 9.349108695983887, 9.527002334594727, 0.17756813764572144, 0.18654896318912506, 43, 968, 43, 968, 0
 0.03999999910593033, 64, 64, 939, 947, 1001, 1009, 942.6955068446684, 1005.0723916025132, 4.272505932084597, 4.3844207497031, 0.09660634608628982, 2.1071557998657227, 2.053489923477173, 1.0479023456573486, 0.23417134582996368, 0.2281939834356308, -0.010319464839994907, 4.288389682769775, 4.401987075805664, 0.10189668834209442, 0.10694355517625809, 943, 1005, 943, 1005, 0
 0.03999999910593033, 93, 93, 1238, 1247, 999, 1010, 1242.3286288750528, 1004.4549878225159, 5.631871870723433, 7.822200461093786, -1.2787726165562, 2.9001166820526123, 2.245750665664673, -1.1395024061203003, 0.18440595269203186, 0.1327696442604065, 0.06029333919286728, 5.338703632354736, 5.422021389007568, 0.08148742467164993, 0.08395761996507645, 1243, 1004, 1243, 1004, 0
 0.03999999910593033, 7070, 7056, 542, 649, 850, 1036, 589.8032875973901, 940.8889555388337, 430.8445339431828, 1303.1640882985976, -607.6830083388027, 40.187198638916016, 10.90860366821289, -1.096665382385254, 0.0067808679305016994, 0.002241851296275854, 0.006324020680040121, 867.2697143554688, 867.3529663085938, 0.5316381454467773, 0.5375252962112427, 587, 943, 587, 943, 1
 0.03999999910593033, 1426, 1424, 542, 604, 950, 1039, 567.5371047321291, 1001.3022609185755, 116.26121615309239, 261.62396017229366, -145.61597508612613, 18.753389358520508, 5.118160247802734, -1.016874074935913, 0.028398161754012108, 0.012619657441973686, 0.031611982733011246, 272.2846984863281, 272.7860412597656, 0.35910359025001526, 0.362001895904541, 561, 1014, 561, 1014, 1
 0.03999999910593033, 230, 221, 1836, 1852, 1048, 1065, 1844.3654208391265, 1057.5082182182682, 9.552078044846922, 10.344939619238687, -0.1813395565486502, 3.2224907875061035, 3.0842456817626953, -1.3562883138656616, 0.10472410917282104, 0.09669779986143112, 0.0036714808084070683, 55.948062896728516, 56.247676849365234, 0.8339244723320007, 0.8758533596992493, 1844, 1058, 1844, 1058, 0
 0.03999999910593033, 7398, 7386, 980, 1071, 983, 1117, 1027.0670854882237, 1049.7834967223419, 309.35637412206506, 501.39975926400257, 5.855860840406422, 22.39594078063965, 17.583457946777344, 1.5403416156768799, 0.0032332325354218483, 0.0019948575645685196, -7.552201714133844e-05, 798.4896850585938, 798.73388671875, 0.5975508093833923, 0.6061699986457825, 1028, 1047, 1028, 1047, 1
 0.03999999910593033, 268, 266, 1034, 1053, 1088, 1113, 1043.4702562112504, 1098.5150120147596, 15.727937101289967, 23.257235104714596, 5.685227754051567, 5.129450798034668, 3.5600430965423584, 1.077843427658081, 0.06974384188652039, 0.04716496542096138, -0.03409774228930473, 22.346458435058594, 22.42560577392578, 0.17580635845661163, 0.18161550164222717, 1043, 1098, 1043, 1098, 1
 0.03999999910593033, 4610, 4598, 757, 865, 1050, 1128, 812.4789223571366, 1090.7626444297287, 313.0422845345529, 251.50971998479463, -179.6998510136732, 21.554363250732422, 9.998071670532227, -0.7006155252456665, 0.0054156663827598095, 0.00674062455072999, 0.007738821674138308, 820.0762329101562, 820.4177856445312, 1.0286623239517212, 1.0420622825622559, 815, 1087, 815, 1087, 0
 0.03999999910593033, 135, 134, 81, 93, 1170, 1182, 86.82736567369375, 1175.7502080571649, 7.212939163088684, 7.224227250731865, -0.05876680077997776, 2.697706460952759, 2.6757328510284424, -0.8332720398902893, 0.13864892721176147, 0.13843227922916412, 0.0022557303309440613, 18.082353591918945, 18.32406997680664, 0.3235393166542053, 0.34104880690574646, 87, 1176, 87, 1176, 0
 0.03999999910593033, 1298, 1296, 402, 428, 1109, 1187, 414.82800558775506, 1152.7319951316128, 29.881113339784747, 272.27138800646276, 42.320297431448125, 16.716693878173828, 4.764939308166504, 1.4028191566467285, 0.042912762612104416, 0.004709570202976465, -0.013340226374566555, 110.1241683959961, 110.41863250732422, 0.223615825176239, 0.22701145708560944, 415, 1156, 415, 1156, 0
 0.03999999910593033, 50, 50, 587, 594, 1221, 1228, 590.8141564330906, 1224.8370936226825, 3.4105714436458268, 3.6979953602624587, -0.1003811845930418, 1.9312125444412231, 1.838201642036438, -1.26594078540802, 0.29344043135643005, 0.2706330120563507, 0.015930738300085068, 2.8400745391845703, 2.924297571182251, 0.07776860147714615, 0.08129696547985077, 591, 1225, 591, 1225, 0
 0.03999999910593033, 121, 121, 145, 157, 1218, 1230, 151.03982172903684, 1223.9816573053804, 6.592187549095904, 6.478297014905408, -0.025807517630127563, 2.5686111450195312, 2.544154405593872, -0.21275536715984344, 0.1516970843076706, 0.1543639600276947, 0.0012086278293281794, 17.072383880615234, 17.365381240844727, 0.3297930061817169, 0.34802863001823425, 151, 1224, 151, 1224, 0
 0.03999999910593033, 864, 859, 275, 337, 1224, 1244, 301.43905219770113, 1234.4409888724085, 167.32057130011583, 17.74235634503448, -10.85786455777253, 12.965517044067383, 4.118044853210449, -0.07208623737096786, 0.006223711185157299, 0.05869315564632416, 0.00761750154197216, 76.47941589355469, 76.74274444580078, 0.23909085988998413, 0.24315579235553741, 298, 1235, 298, 1235, 0
 0.03999999910593033, 83, 83, 51, 60, 1236, 1245, 55.51650523640528, 1240.769252182834, 5.182213578800283, 5.1882587784515195, -0.11584884581899502, 2.302417039871216, 2.251521348953247, -0.7984406352043152, 0.1930641084909439, 0.1928391456604004, 0.008621872402727604, 6.910131931304932, 7.080101490020752, 0.14836132526397705, 0.15623198449611664, 55, 1241, 55, 1241, 0
 0.03999999910593033, 79, 78, 148, 156, 1239, 1249, 152.01277878882684, 1244.0100294556366, 4.465910432052262, 5.566220445983099, -0.3490503895676085, 2.38067364692688, 2.089144229888916, -1.288110375404358, 0.2250213921070099, 0.18053999543190002, 0.02822159230709076, 6.458445072174072, 6.6278791427612305, 0.14483542740345, 0.15267084538936615, 152, 1244, 152, 1244, 0
 0.03999999910593033, 85, 85, 307, 317, 1252, 1262, 312.01008686320966, 1256.8136842894953, 5.023747094370396, 5.718164103093791, -0.008608451638984604, 2.3912906646728516, 2.2413477897644043, -1.558402180671692, 0.19905512034893036, 0.17488175630569458, 0.000599337974563241, 6.720768928527832, 6.871801376342773, 0.14162059128284454, 0.14908263087272644, 312, 1257, 312, 1257, 0
 0.03999999910593033, 115, 113, 1119, 1129, 1304, 1316, 1124.0194775633113, 1309.7841979902037, 6.046454327611979, 7.0741051341521555, -0.0147548425575188, 2.6597588062286377, 2.4589109420776367, -1.556442379951477, 0.16538701951503754, 0.14136135578155518, 0.0006899132858961821, 12.796110153198242, 13.012480735778809, 0.24155357480049133, 0.25462886691093445, 1124, 1310, 1124, 1310, 0
 0.03999999910593033, 53, 53, 255, 262, 1321, 1329, 258.65379936574374, 1324.8812963591747, 3.6764014460902654, 3.6331639996458875, 0.2810724496595256, 1.9841082096099854, 1.8365402221679688, 0.747016191482544, 0.2736234962940216, 0.27687981724739075, -0.04233666881918907, 3.1897120475769043, 3.293919324874878, 0.08820055425167084, 0.09282663464546204, 259, 1325, 259, 1325, 0
 0.03999999910593033, 106, 102, 1566, 1577, 1338, 1348, 1571.1256328544164, 1343.5630710306195, 7.355848504316533, 5.820436445017634, 0.6075660253181496, 2.750850200653076, 2.3683555126190186, 0.3347388803958893, 0.137128546833992, 0.17330260574817657, -0.028628315776586533, 9.196720123291016, 9.370857238769531, 0.16398948431015015, 0.17172934114933014, 1571, 1344, 1571, 1344, 0
 0.03999999910593033, 355, 354, 1351, 1380, 1353, 1372, 1364.185785862757, 1362.3702063308617, 39.92660172031941, 19.910039902476527, 13.269612595140785, 6.821952819824219, 3.646587610244751, 0.462298184633255, 0.032172247767448425, 0.06451661884784698, -0.0428842194378376, 22.227514266967773, 22.355073928833008, 0.10694429278373718, 0.10837829113006592, 1364, 1361, 1364, 1361, 0
 0.03999999910593033, 90, 89, 1737, 1747, 1390, 1400, 1741.95474357021, 1395.0274611414839, 5.339446172451918, 5.560577027008762, 0.07977585671678611, 2.36354660987854, 2.3051400184631348, 1.2582825422286987, 0.18732549250125885, 0.17987601459026337, -0.005375000182539225, 8.12232494354248, 8.315120697021484, 0.1726665496826172, 0.18205387890338898, 1742, 1395, 1742, 1395, 0
 0.03999999910593033, 99, 96, 1829, 1839, 1402, 1413, 1833.9459993781534, 1407.7396097931062, 5.937112556452085, 5.975208842844502, 0.06201349669328593, 2.453779458999634, 2.4271974563598633, 0.9344050288200378, 0.16845031082630157, 0.167376309633255, -0.0034965111408382654, 8.996338844299316, 9.1791353225708, 0.17733046412467957, 0.18665646016597748, 1834, 1408, 1834, 1408, 0
 0.03999999910593033, 265, 264, 1542, 1559, 1399, 1423, 1550.3470859531863, 1410.6370985415167, 16.613126224609672, 34.7317442344725, 15.663053684055583, 6.615640163421631, 2.7528481483459473, 1.04758620262146, 0.10471726953983307, 0.05008908361196518, -0.09444916993379593, 16.473968505859375, 16.616275787353516, 0.09679131209850311, 0.09869327396154404, 1551, 1412, 1551, 1412, 0
 0.03999999910593033, 119, 117, 2004, 2016, 1484, 1495, 2009.9734308961258, 1489.9235743150448, 6.8742312481187255, 6.295160922770265, 0.06985492769668156, 2.6234593391418457, 2.507359743118286, 0.11837074160575867, 0.1454872190952301, 0.15887008607387543, -0.0032288290094584227, 14.749361991882324, 14.992987632751465, 0.28222739696502686, 0.2978997826576233, 2010, 1490, 2010, 1490, 0
 0.03999999910593033, 73, 73, 1325, 1334, 1494, 1503, 1329.3048906451754, 1498.705756001395, 4.719895167222241, 4.650735248434611, -0.07886082957464069, 2.184359073638916, 2.144575834274292, -0.5787761807441711, 0.21192915737628937, 0.21508069336414337, 0.00718721142038703, 5.628320217132568, 5.784515857696533, 0.1313754767179489, 0.13858391344547272, 1329, 1499, 1329, 1499, 0
 0.03999999910593033, 118, 117, 1816, 1828, 1522, 1533, 1821.9251926695408, 1527.387422253441, 7.738335428061674, 7.16413141604486, -1.7498979975180156, 3.0371906757354736, 2.382842779159546, -0.7040886282920837, 0.13678190112113953, 0.14774495363235474, 0.06682021170854568, 10.286357879638672, 10.465713500976562, 0.16237568855285645, 0.16914835572242737, 1822, 1528, 1822, 1528, 0
 0.03999999910593033, 92, 92, 67, 77, 1553, 1563, 72.06561012057654, 1558.151567458039, 5.458669047359223, 5.6452500831779595, 0.10407671280815833, 2.3857340812683105, 2.326411724090576, 1.1507991552352905, 0.1832592636346817, 0.17720235884189606, -0.006757192779332399, 8.423538208007812, 8.614727973937988, 0.176497220993042, 0.18610836565494537, 72, 1558, 72, 1558, 0
 0.03999999910593033, 71, 69, 1400, 1408, 1598, 1607, 1403.965216533286, 1602.7237979780593, 4.527401067407496, 4.825167425196902, 0.14544130849886372, 2.2100718021392822, 2.113800287246704, 1.1839439868927002, 0.2210913598537445, 0.2074475735425949, -0.013328373432159424, 4.978537082672119, 5.110992908477783, 0.11344040185213089, 0.11917321383953094, 1404, 1603, 1404, 1603, 0
 0.03999999910593033, 57, 57, 2106, 2113, 1609, 1616, 2109.57722013405, 1612.656597134813, 3.907895536263581, 3.8285781229071443, -0.0882832367636599, 1.9912354946136475, 1.9420233964920044, -0.5742951035499573, 0.2560255825519562, 0.261329710483551, 0.011807394213974476, 3.774142265319824, 3.8918819427490234, 0.09883128106594086, 0.10399843007326126, 2110, 1613, 2110, 1613, 0
 0.03999999910593033, 72, 72, 374, 383, 1617, 1626, 378.6033924549341, 1621.5022619468175, 4.406866404008131, 5.276063126719258, -0.0861841150216307, 2.298809766769409, 2.0972371101379395, -1.4729125499725342, 0.22699113190174103, 0.18959583342075348, 0.0074157677590847015, 4.833430767059326, 4.954360485076904, 0.10402115434408188, 0.10884318500757217, 379, 1622, 379, 1622, 0
 0.03999999910593033, 76, 75, 2068, 2077, 1625, 1633, 2072.8334507219643, 1628.8254335438678, 5.181852146893942, 4.523654937926938, -0.03361125497825057, 2.2767441272735596, 2.12648606300354, -0.05088918283581734, 0.1929904967546463, 0.22107084095478058, 0.0028678812086582184, 5.992025375366211, 6.148115158081055, 0.1368878185749054, 0.14436763525009155, 2073, 1629, 2073, 1629, 0
 0.03999999910593033, 84, 84, 1504, 1514, 1636, 1645, 1508.7509500874048, 1641.0152089523472, 6.943795492605712, 5.6498614907934055, 0.25742141783297967, 2.6444520950317383, 2.366543769836426, 0.18934285640716553, 0.14425712823867798, 0.17729495465755463, -0.01314541045576334, 4.178571701049805, 4.2318902015686035, 0.06026344746351242, 0.06116912141442299, 1509, 1641, 1509, 1641, 0
 0.03999999910593033, 118, 118, 536, 546, 1649, 1662, 540.9267407536828, 1655.7388057315154, 6.850924353390216, 10.475063336201323, 2.5502810826086915, 3.4338748455047607, 2.3525500297546387, 1.0942796468734741, 0.16051293909549713, 0.1049790307879448, -0.07815764099359512, 7.194993019104004, 7.301553726196289, 0.0914829894900322, 0.09394628554582596, 541, 1656, 541, 1656, 0
 0.03999999910593033, 118, 115, 73, 83, 1682, 1694, 78.08019673974337, 1687.6440404843524, 6.321008899592499, 7.941913098344568, 0.4456597531868809, 2.8383734226226807, 2.4912965297698975, 1.319416880607605, 0.15883098542690277, 0.12641438841819763, -0.017825573682785034, 11.465542793273926, 11.658679008483887, 0.19200392067432404, 0.200934499502182, 78, 1687, 78, 1687, 0
 0.03999999910593033, 96, 93, 2107, 2117, 1710, 1720, 2112.3385213245356, 1715.1115508882592, 5.6516578754805735, 5.845844207497894, -0.07118624151655695, 2.4226317405700684, 2.3724160194396973, -1.2544735670089722, 0.1769663691520691, 0.17108793556690216, 0.004309923853725195, 9.047075271606445, 9.244961738586426, 0.1833355575799942, 0.1930464208126068, 2112, 1715, 2112, 1715, 0
 0.03999999910593033, 136, 132, 155, 168, 1721, 1733, 161.76260701587304, 1726.9413917613128, 8.750047839957837, 8.440332544784049, -0.8865493295972939, 3.0814220905303955, 2.7740254402160645, -0.6989331841468811, 0.11551442742347717, 0.11975319683551788, 0.02426663599908352, 10.758810997009277, 10.906200408935547, 0.1425071358680725, 0.1472909301519394, 162, 1727, 162, 1727, 0
 0.03999999910593033, 112, 111, 1657, 1668, 1722, 1733, 1662.2354603393278, 1727.897512367773, 6.181921623994828, 6.716220983905373, 0.15054894071662872, 2.5991768836975098, 2.47839093208313, 1.3142075538635254, 0.16185034811496735, 0.14897458255290985, -0.00725598493590951, 12.899210929870605, 13.146599769592285, 0.24193044006824493, 0.25424015522003174, 1662, 1728, 1662, 1728, 0
 0.03999999910593033, 95, 93, 76, 86, 1730, 1740, 80.90419786965762, 1734.924755443966, 5.685363507042251, 5.736470329705323, -0.12857382469413636, 2.4170241355895996, 2.362165927886963, -0.8834924697875977, 0.17597945034503937, 0.1744116246700287, 0.007888596504926682, 8.963279724121094, 9.155692100524902, 0.1839081048965454, 0.19388169050216675, 81, 1735, 81, 1735, 0
 0.03999999910593033, 170, 168, 1238, 1253, 1732, 1745, 1245.1573042140712, 1738.3438514147815, 11.589218839285778, 8.753920595800423, 0.9756349990188156, 3.44854998588562, 2.906998872756958, 0.301383376121521, 0.08710435032844543, 0.1153164878487587, -0.01941576972603798, 16.21763801574707, 16.398609161376953, 0.19760636985301971, 0.204621359705925, 1245, 1738, 1245, 1738, 0
 0.03999999910593033, 151, 148, 2108, 2121, 1742, 1755, 2114.6490872011236, 1748.2032267981108, 7.498562919672786, 7.2539304304683085, -0.008523243284429327, 2.7384045124053955, 2.6932570934295654, -0.03478478267788887, 0.13335905969142914, 0.13785648345947266, 0.0003133892023470253, 30.643386840820312, 31.007915496826172, 0.5512675642967224, 0.5814086198806763, 2115, 1748, 2115, 1748, 0
 0.03999999910593033, 75, 73, 1804, 1813, 1770, 1779, 1808.76924515883, 1774.8022464286034, 4.859122761322013, 4.796954185670128, 0.27657914228198166, 2.259725332260132, 2.1330068111419678, 0.7294387817382812, 0.20647607743740082, 0.2091520130634308, -0.023809682577848434, 5.697461128234863, 5.849684715270996, 0.12897783517837524, 0.13577809929847717, 1809, 1775, 1809, 1775, 0
 0.03999999910593033, 66, 66, 2112, 2120, 1782, 1790, 2115.7912374908788, 1786.0928664618357, 4.223505789156077, 4.37846403316053, 0.09353545351801884, 2.1029603481292725, 2.044389247894287, 1.131290078163147, 0.23688219487667084, 0.2284986972808838, -0.010120847262442112, 4.882778167724609, 5.029384136199951, 0.12118872255086899, 0.12787899374961853, 2116, 1786, 2116, 1786, 0
 0.03999999910593033, 70, 69, 2112, 2121, 1804, 1812, 2116.5532529627153, 1807.9219892662366, 4.5335377252951155, 4.706325588549072, 0.28805262972680623, 2.2182562351226807, 2.0782690048217773, 0.9310917258262634, 0.2214394360780716, 0.21330952644348145, -0.02710658684372902, 4.941494464874268, 5.074947834014893, 0.11333999037742615, 0.11908639967441559, 2117, 1808, 2117, 1808, 0
 0.03999999910593033, 70, 70, 1362, 1372, 1831, 1839, 1367.5399475136924, 1834.95965205989, 7.5453340408508005, 4.400253533256384, 2.2637821047391213, 2.9545164108276367, 1.793438196182251, 0.48183441162109375, 0.156722754240036, 0.26874032616615295, -0.16125714778900146, 3.446345329284668, 3.503972291946411, 0.06056156009435654, 0.06210949644446373, 1369, 1835, 1369, 1835, 0
 0.03999999910593033, 71, 71, 603, 611, 1835, 1843, 606.8682124582023, 1839.0790980034935, 4.779912076026607, 4.7098824294105945, -0.23738513687585794, 2.232677936553955, 2.1224851608276367, -0.7121750712394714, 0.20973385870456696, 0.21285231411457062, 0.02114180102944374, 4.803145408630371, 4.916532039642334, 0.10700421780347824, 0.11233039200305939, 607, 1839, 607, 1839, 0
 0.03999999910593033, 219, 218, 437, 458, 1832, 1844, 447.9896406544357, 1838.003517306641, 25.018085832673677, 9.061177375224474, 3.6554474922508433, 5.080907821655273, 2.874654769897461, 0.2148115336894989, 0.04247473180294037, 0.11727355420589447, -0.03427019342780113, 14.716043472290039, 14.849394798278809, 0.10794243961572647, 0.10998304188251495, 448, 1838, 448, 1838, 0
 0.03999999910593033, 119, 116, 83, 94, 1892, 1903, 88.57745550754471, 1897.3802819553737, 6.636718697140008, 6.7674175782409876, 0.22123523495732655, 2.633012294769287, 2.543891429901123, 0.9290066361427307, 0.15084125101566315, 0.14792805910110474, -0.00986237358301878, 13.417673110961914, 13.637691497802734, 0.24545742571353912, 0.25829944014549255, 89, 1897, 89, 1897, 0
 0.03999999910593033, 93, 92, 1298, 1308, 1912, 1922, 1302.9169728889153, 1916.8006478089283, 5.501671267709462, 5.7948875457900115, 0.11453319900577696, 2.4154341220855713, 2.3371429443359375, 1.2392041683197021, 0.1818377673625946, 0.172636941075325, -0.0071878740563988686, 8.515084266662598, 8.700892448425293, 0.17512348294258118, 0.1845531165599823, 1303, 1917, 1303, 1917, 0
 0.03999999910593033, 87, 87, 1378, 1388, 1963, 1973, 1382.749650006176, 1968.3338191054763, 6.202143884363199, 6.015825661522733, -1.1692133093262456, 2.698500156402588, 2.2217259407043457, -0.7456437945365906, 0.16736681759357452, 0.17255039513111115, 0.06505757570266724, 5.31197452545166, 5.410802841186523, 0.08915302902460098, 0.09204920381307602, 1383, 1968, 1383, 1968, 0
 0.03999999910593033, 61, 61, 341, 349, 1995, 2003, 344.5634004804124, 1999.0108214468326, 3.9095724267859246, 4.341506322645973, 0.009644413644529948, 2.0836799144744873, 1.977209448814392, 1.5484826564788818, 0.2557838559150696, 0.23033607006072998, -0.0011364190140739083, 3.9697606563568115, 4.0848894119262695, 0.0982450470328331, 0.10316475480794907, 345, 1999, 345, 1999, 0
 0.03999999910593033, 159, 156, 2069, 2082, 1998, 2011, 2075.4264258769504, 2004.8637798167456, 8.015913213175274, 7.632268292469625, 0.10961310789137002, 2.8363749980926514, 2.75738263130188, 0.2595736086368561, 0.12477635592222214, 0.13104838132858276, -0.0035840258933603764, 28.844255447387695, 29.143524169921875, 0.4947039484977722, 0.5212631821632385, 2076, 2005, 2076, 2005, 0
 0.03999999910593033, 69, 67, 2010, 2018, 2015, 2023, 2013.9826329937084, 2019.0158260904475, 4.65231417485127, 4.569017177754631, 0.014017154795446629, 2.157454490661621, 2.136988878250122, 0.1623251736164093, 0.21494877338409424, 0.2188674658536911, -0.001318870228715241, 4.418745040893555, 4.527297496795654, 0.10055650770664215, 0.10559362173080444, 2014, 2019, 2014, 2019, 0
 0.03999999910593033, 1134, 1133, 1084, 1148, 2012, 2036, 1117.4323606632472, 2025.4333381208423, 186.94964869084788, 30.930513965649084, -12.170842439167359, 13.707420349121094, 5.476019859313965, -0.07738479226827621, 0.005489662755280733, 0.03318051993846893, 0.004320253152400255, 77.31548309326172, 77.53562927246094, 0.17051540315151215, 0.17350929975509644, 1119, 2027, 1119, 2027, 0
 0.03999999910593033, 74, 72, 1214, 1223, 2035, 2043, 1218.3362914062768, 2039.1122524015168, 5.14285723940289, 4.549043555559798, 0.20065666899765944, 2.281294107437134, 2.1183950901031494, 0.2971576452255249, 0.1947796642780304, 0.2202054113149643, -0.017183320596814156, 5.177724838256836, 5.309141635894775, 0.11404076218605042, 0.11969993263483047, 1218, 2039, 1218, 2039, 0
 0.03999999910593033, 138, 136, 2017, 2030, 2063, 2074, 2023.4857479730981, 2068.9136119454865, 8.489472709855036, 6.638001780005503, 0.008066546847423695, 2.9136760234832764, 2.576425075531006, 0.004356721416115761, 0.11779308319091797, 0.15064792335033417, -0.00028628596919588745, 18.88504409790039, 19.230201721191406, 0.3178013265132904, 0.33350232243537903, 2023, 2069, 2023, 2069, 2
 0.03999999910593033, 91, 90, 2063, 2073, 2065, 2074, 2068.0922600648355, 2070.4566102840154, 6.320181900422771, 5.014948793264345, -0.24568704623110094, 2.522874593734741, 2.2294023036956787, -0.1800270527601242, 0.15852519869804382, 0.1997843086719513, 0.015532596036791801, 8.99321460723877, 9.345830917358398, 0.18656590580940247, 0.1956952065229416, 2068, 2071, 2068, 2071, 2